"Symbol","Name","Side","Fill Qty","Fill Price","Fill Amount","Fill Time","Markets","Currency","Counterparty"
"00020","SENSETIME-W","Buy","1,000","1.435","1,435.00","Aug 31, 2026 14:49:17 HKT","HK","HKD","6087"
"AAPL","Apple","Buy","0.0014","305.26","0.43","Aug 13, 2026 00:00:00 ET","US","USD",""
"CVX","Chevron","Buy","0.1","171.13","17.11","Jul 7, 2026 12:17:12 ET","US","USD",""
"NVDA","NVIDIA","Buy","0.0001","192.53","0.02","Jun 26, 2026 00:00:00 ET","US","USD",""
"TCH260612C470000","TCH 260612 470.00 C","Buy","1","0.00","0.00","Jun 12, 2026 19:25:01 HKT","HK","HKD",""
"TCH260612C470000","TCH 260612 470.00 C","Short Sell","1","0.90","90.00","Jun 11, 2026 15:33:12 HKT","HK","HKD",""
"06082","BIREN TECH","Buy","1","58.75","58.75","Jun 8, 2026 11:56:22 HKT","HK","HKD","9139"
"TCH260605P440000","TCH 260605 440.00 P","Buy","1","0.00","0.00","Jun 5, 2026 19:10:17 HKT","HK","HKD",""
"TCH260605P440000","TCH 260605 440.00 P","Short Sell","1","1.05","105.00","Jun 4, 2026 14:00:40 HKT","HK","HKD",""
"AAPL","Apple","Sell","1","314.53","314.53","Jun 2, 2026 22:18:26 ET","US","USD",""
"00939","CCB","Sell","1,000","8.43","8,430.00","May 28, 2026 11:06:51 HKT","HK","HKD","2077"
"F","Ford Motor","Buy","1","14.88","14.88","May 26, 2026 09:31:09 ET","US","USD",""
"08057","MADISON HLDG","Buy","4,000","0.094","376.00","May 14, 2026 13:42:49 HKT","HK","HKD","1919"
"AAPL","Apple","Buy","0.002","298.21","0.60","May 14, 2026 00:00:00 ET","US","USD",""
"01236","LDROBOT","Sell","200","71.75","14,350.00","May 8, 2026 16:49:45 HKT","HK","HKD","2578"
"01236","LDROBOT","Buy","200","70.55","14,110.00","May 8, 2026 16:29:19 HKT","HK","HKD","8307"
"00700","TENCENT","Buy","100","472.20","47,220.00","May 8, 2026 14:49:43 HKT","HK","HKD","6699"
"KST260515C55000","KST260515C55000","Buy","1","0.37","185.00","May 8, 2026 14:03:27 HKT","HK","HKD",""
"KST260515C50000","KST260515C50000","Sell","1","1.50","750.00","May 8, 2026 14:03:27 HKT","HK","HKD",""
"KST260515C55000","KST 260515 55.00 C","Short Sell","1","0.34","170.00","May 8, 2026 13:57:54 HKT","HK","HKD",""
"01024","KUAISHOU-W","Sell","400","49.62","19,848.00","May 8, 2026 13:55:56 HKT","HK","HKD","9068"
"01024","KUAISHOU-W","Sell","100","49.62","4,962.00","May 8, 2026 13:55:40 HKT","HK","HKD","9068"
"KST260515C50000","KST 260515 50.00 C","Buy","1","1.46","730.00","May 8, 2026 13:55:20 HKT","HK","HKD",""
"00010","HANG LUNG GROUP","Sell","1,000","16.14","16,140.00","May 8, 2026 10:21:06 HKT","HK","HKD","4486"
"00939","CCB","Buy","1,000","8.84","8,840.00","May 8, 2026 09:20:20 HKT","HK","HKD","4499"
"BIL","SPDR Bloomberg Barclays 1-3 Month T-Bill ETF","Sell","0.008","91.43","0.73","May 7, 2026 09:30:04 ET","US","USD",""
"01682","HP LIVING TECH","Buy","4,000","0.245","980.00","May 6, 2026 15:02:59 HKT","HK","HKD","8130"
"MIU260508C31000","MIU260508C31000","Sell","1","0.13","130.00","Apr 30, 2026 15:31:57 HKT","HK","HKD",""
"MIU260508C30000","MIU260508C30000","Buy","2","0.33","660.00","Apr 30, 2026 15:31:57 HKT","HK","HKD",""
"MIU260508C29000","MIU260508C29000","Sell","1","0.77","770.00","Apr 30, 2026 15:31:57 HKT","HK","HKD",""
"MIU260508C31000","MIU260508C31000","Buy","1","0.13","130.00","Apr 30, 2026 15:16:59 HKT","HK","HKD",""
"MIU260508C30000","MIU260508C30000","Sell","2","0.31","620.00","Apr 30, 2026 15:16:59 HKT","HK","HKD",""
"MIU260508C29000","MIU260508C29000","Buy","1","0.77","770.00","Apr 30, 2026 15:16:59 HKT","HK","HKD",""
"01810","XIAOMI-W","Sell","1,000","29.32","29,320.00","Apr 30, 2026 15:10:05 HKT","HK","HKD","2400"
"00005","HSBC HOLDINGS","Sell","400","139.90","55,960.00","Apr 30, 2026 11:05:00 HKT","HK","HKD","9054"
"BIU260429C132500","BIU 260429 132.50 C","Sell","1","0.00","0.00","Apr 29, 2026 20:07:19 HKT","HK","HKD",""
"01024","KUAISHOU-W","Buy","500","45.00","22,500.00","Apr 29, 2026 20:07:19 HKT","HK","HKD",""
"KST260429P45000","KST 260429 45.00 P","Buy","1","0.00","0.00","Apr 29, 2026 20:07:19 HKT","HK","HKD",""
"01810","XIAOMI-W","Buy","1,000","29.00","29,000.00","Apr 29, 2026 20:07:19 HKT","HK","HKD",""
"MIU260429C29000","MIU 260429 29.00 C","Sell","1","0.00","0.00","Apr 29, 2026 20:07:19 HKT","HK","HKD",""
"KST260429P45000","KST 260429 45.00 P","Short Sell","1","1.86","930.00","Apr 29, 2026 11:19:21 HKT","HK","HKD",""
"MIU260429C29000","MIU 260429 29.00 C","Buy","1","1.25","1,250.00","Apr 29, 2026 11:19:02 HKT","HK","HKD",""
"BIU260429C132500","BIU 260429 132.50 C","Buy","1","0.01","1.50","Apr 29, 2026 11:18:28 HKT","HK","HKD",""
"MRAL","GraniteShares 2X Long MARA Daily ETF","Buy","101","5.03","508.03","Apr 28, 2026 22:17:06 ET","US","USD",""
"03419","Global X HSI Covered Call Active ETF","Buy","500","10.52","5,260.00","Apr 29, 2026 10:13:03 HKT","HK","HKD","2240"
"06680","JLMAG","Buy","200","19.37","3,874.00","Apr 29, 2026 10:02:39 HKT","HK","HKD","6593"
"XE","X-Energy","Buy","1","35.27","35.27","Apr 28, 2026 05:16:42 ET","US","USD",""
"AMZN","Amazon","Sell","3","261.60","784.80","Apr 28, 2026 05:11:48 ET","US","USD",""
"AMZN","Amazon","Sell","1","261.69","261.69","Apr 28, 2026 05:10:09 ET","US","USD",""
"FUTU","Futu Holdings Ltd","Sell","10","157.41","1,574.10","Apr 28, 2026 05:09:15 ET","US","USD",""
"TSLA","Tesla","Sell","3","375.56","1,126.68","Apr 28, 2026 05:08:30 ET","US","USD",""
"ANET","Arista Networks","Sell","7","170.26","1,191.82","Apr 28, 2026 05:08:04 ET","US","USD",""
"ANET","Arista Networks","Sell","1","170.26","170.26","Apr 28, 2026 05:07:03 ET","US","USD",""
"08600","WLS HOLDINGS","Buy","250","0.227","56.75","Apr 28, 2026 16:08:24 HKT","HK","HKD","1346"
"08600","WLS HOLDINGS","Buy","250","0.227","56.75","Apr 28, 2026 16:08:24 HKT","HK","HKD","5256"
"02800","TRACKER FUND OF HONG KONG","Sell","100","24.00","2,400.00","Apr 28, 2026 14:10:27 HKT","HK","HKD","3011"
"02800","TRACKER FUND OF HONG KONG","Buy","100","27.00","2,700.00","Apr 28, 2026 13:55:45 HKT","HK","HKD","3011"
"03800","GCL TECH","Buy","1,000","0.94","940.00","Apr 28, 2026 13:48:40 HKT","HK","HKD","1836"
"00003","HK & CHINA GAS","Sell","2,000","7.26","14,520.00","Apr 28, 2026 11:41:30 HKT","HK","HKD","3187"
"00003","HK & CHINA GAS","Sell","3,000","7.26","21,780.00","Apr 28, 2026 11:41:30 HKT","HK","HKD","3187"
"00001","CKH HOLDINGS","Sell","1,000","64.90","64,900.00","Apr 28, 2026 11:41:09 HKT","HK","HKD","2311"
"00001","CKH HOLDINGS","Sell","1,000","64.90","64,900.00","Apr 28, 2026 11:41:09 HKT","HK","HKD","2453"
"00001","CKH HOLDINGS","Sell","2,000","64.90","129,800.00","Apr 28, 2026 11:41:09 HKT","HK","HKD","6389"
"00001","CKH HOLDINGS","Sell","1,000","64.90","64,900.00","Apr 28, 2026 11:41:09 HKT","HK","HKD","6389"
"00020","SENSETIME-W","Buy","2,000","1.96","3,920.00","Apr 28, 2026 11:01:46 HKT","HK","HKD","5346"
"03033","CSOP Hang Seng TECH Index ETF","Sell","600","4.766","2,859.60","Apr 28, 2026 10:58:47 HKT","HK","HKD","167"
"03033","CSOP Hang Seng TECH Index ETF","Buy","600","4.768","2,860.80","Apr 28, 2026 10:58:00 HKT","HK","HKD","1491"
"NIO","NIO Inc","Buy","20","6.36","127.20","Apr 27, 2026 06:04:46 ET","US","USD",""
"NIO","NIO Inc","Sell","1","6.23","6.23","Apr 24, 2026 05:21:38 ET","US","USD",""
"NIO","NIO Inc","Buy","1","6.24","6.24","Apr 24, 2026 05:21:27 ET","US","USD",""
"BIL","SPDR Bloomberg Barclays 1-3 Month T-Bill ETF","Sell","0.0209","91.49","1.91","Apr 10, 2026 09:30:11 ET","US","USD",""
"00003","HK & CHINA GAS","Buy","5,000","7.29","36,450.00","Apr 9, 2026 14:53:57 HKT","HK","HKD","4417"
"01378","CHINAHONGQIAO","Sell","500","38.00","19,000.00","Apr 8, 2026 09:20:40 HKT","HK","HKD","339"
"BILI","Bilibili","Sell","4","23.01","92.04","Apr 6, 2026 22:29:23 ET","US","USD",""
"NVDA","NVIDIA","Buy","0.0002","175.75","0.04","Apr 1, 2026 00:00:00 ET","US","USD",""
"00003","HK & CHINA GAS","Buy","1,000","7.10","7,100.00","Mar 27, 2026 14:24:50 HKT","HK","HKD","6996"
"00003","HK & CHINA GAS","Short Sell","1,000","7.09","7,090.00","Mar 27, 2026 14:24:19 HKT","HK","HKD","1644"
"00001","CKH HOLDINGS","Buy","500","60.95","30,475.00","Mar 18, 2026 15:16:23 HKT","HK","HKD","8415"
"00768","UBA INVESTMENTS","Buy","2,000","0.043","86.00","Mar 18, 2026 15:15:20 HKT","HK","HKD","2453"
"NVDA","NVIDIA","Sell","7","185.75","1,300.25","Mar 11, 2026 03:00:13 ET","US","USD",""
"AAPL","Apple","Sell","5","253.21","1,266.05","Mar 8, 2026 23:51:34 ET","US","USD",""
"00005","HSBC HOLDINGS","Buy","400","134.20","53,680.00","Mar 6, 2026 10:24:19 HKT","HK","HKD","3283"
"BIL","SPDR Bloomberg Barclays 1-3 Month T-Bill ETF","Sell","0.0426","91.41","3.89","Mar 5, 2026 09:30:03 ET","US","USD",""
"00001","CKH HOLDINGS","Buy","500","61.20","30,600.00","Mar 5, 2026 14:30:21 HKT","HK","HKD","1346"
"00001","CKH HOLDINGS","Buy","1,000","61.20","61,200.00","Mar 5, 2026 14:30:11 HKT","HK","HKD","1346"
"01378","CHINAHONGQIAO","Buy","26","37.62","978.12","Mar 4, 2026 HKT","HK","HKD",""
"TSLA","Tesla","Sell","1","415.00","415.00","Feb 25, 2026 09:30:23 ET","US","USD",""
"01378","CHINAHONGQIAO","Buy","27","36.38","982.26","Feb 25, 2026 HKT","HK","HKD",""
"00001","CKH HOLDINGS","Buy","500","62.00","31,000.00","Feb 25, 2026 10:20:38 HKT","HK","HKD","3448"
"00001","CKH HOLDINGS","Buy","500","62.15","31,075.00","Feb 25, 2026 10:18:33 HKT","HK","HKD","5999"
"01378","CHINAHONGQIAO","Buy","27","36.45","984.15","Feb 20, 2026 HKT","HK","HKD",""
"AAPL","Apple","Buy","0.0057","261.73","1.49","Feb 12, 2026 00:00:00 ET","US","USD",""
"01378","CHINAHONGQIAO","Buy","26","36.76","955.76","Feb 11, 2026 HKT","HK","HKD",""
"00010","HANG LUNG GROUP","Buy","1,000","16.30","16,300.00","Feb 6, 2026 15:41:35 HKT","HK","HKD","5337"
"08271","GDC","Buy","2,000","0.066","132.00","Feb 6, 2026 15:36:48 HKT","HK","HKD","6105"
"01378","CHINAHONGQIAO","Buy","500","34.54","17,270.00","Feb 6, 2026 15:36:27 HKT","HK","HKD","5337"
"00001","CKH HOLDINGS","Sell","500","64.65","32,325.00","Feb 6, 2026 15:33:14 HKT","HK","HKD","5345"
"00001","CKH HOLDINGS","Sell","500","64.65","32,325.00","Feb 6, 2026 15:33:14 HKT","HK","HKD","8738"
"00001","CKH HOLDINGS","Buy","2,000","64.70","129,400.00","Feb 6, 2026 15:31:29 HKT","HK","HKD","1048"
"00001","CKH HOLDINGS","Buy","500","64.70","32,350.00","Feb 6, 2026 15:31:29 HKT","HK","HKD","6389"
"00001","CKH HOLDINGS","Buy","500","64.70","32,350.00","Feb 6, 2026 15:31:29 HKT","HK","HKD","5998"
"00001","CKH HOLDINGS","Sell","2,000","64.60","129,200.00","Feb 6, 2026 15:29:22 HKT","HK","HKD","5344"
"08271","GDC","Sell","4,000","0.061","244.00","Feb 6, 2026 15:28:28 HKT","HK","HKD","9023"
"00001","CKH HOLDINGS","Buy","1,500","64.65","96,975.00","Feb 6, 2026 15:27:39 HKT","HK","HKD","8565"
"00001","CKH HOLDINGS","Buy","500","64.65","32,325.00","Feb 6, 2026 15:27:39 HKT","HK","HKD","5445"
"00001","CKH HOLDINGS","Sell","500","64.60","32,300.00","Feb 6, 2026 15:26:58 HKT","HK","HKD","5338"
"00001","CKH HOLDINGS","Sell","500","64.60","32,300.00","Feb 6, 2026 15:26:58 HKT","HK","HKD","5339"
"00001","CKH HOLDINGS","Sell","500","64.60","32,300.00","Feb 6, 2026 15:26:58 HKT","HK","HKD","8738"
"00001","CKH HOLDINGS","Sell","500","64.60","32,300.00","Feb 6, 2026 15:26:58 HKT","HK","HKD","8738"
"01378","CHINAHONGQIAO","Sell","500","34.48","17,240.00","Feb 6, 2026 15:25:49 HKT","HK","HKD","4107"
"01378","CHINAHONGQIAO","Buy","500","34.50","17,250.00","Feb 6, 2026 15:25:26 HKT","HK","HKD","7998"
"AMZN","Amazon","Sell","1","200.79","200.79","Feb 6, 2026 02:23:54 ET","US","USD",""
"AMZN","Amazon","Sell","1","200.79","200.79","Feb 6, 2026 02:23:54 ET","US","USD",""
"AMZN","Amazon","Sell","10","200.79","2,007.90","Feb 6, 2026 02:23:28 ET","US","USD",""
"AMZN","Amazon","Buy","1","200.79","200.79","Feb 6, 2026 02:23:19 ET","US","USD",""
"AMZN","Amazon","Sell","1","200.67","200.67","Feb 6, 2026 02:22:00 ET","US","USD",""
"AMZN","Amazon","Buy","1","200.44","200.44","Feb 6, 2026 02:20:10 ET","US","USD",""
"AMZN","Amazon","Sell","1","200.27","200.27","Feb 6, 2026 02:18:41 ET","US","USD",""
"AMZN","Amazon","Sell","1","200.27","200.27","Feb 6, 2026 02:18:39 ET","US","USD",""
"00001","CKH HOLDINGS","Buy","2,000","64.50","129,000.00","Feb 6, 2026 15:18:11 HKT","HK","HKD","4488"
"AMZN","Amazon","Buy","3","200.40","601.20","Feb 6, 2026 02:17:33 ET","US","USD",""
"AMZN","Amazon","Buy","2","200.40","400.80","Feb 6, 2026 02:15:35 ET","US","USD",""
"AMZN","Amazon","Buy","1","200.40","200.40","Feb 6, 2026 02:15:35 ET","US","USD",""
"AMZN","Amazon","Buy","2","200.40","400.80","Feb 6, 2026 02:15:35 ET","US","USD",""
"TSLA","Tesla","Buy","2","394.06","788.12","Feb 6, 2026 02:15:06 ET","US","USD",""
"AMZN","Amazon","Buy","4","200.55","802.20","Feb 6, 2026 02:14:45 ET","US","USD",""
"AMZN","Amazon","Buy","1","200.56","200.56","Feb 6, 2026 02:13:35 ET","US","USD",""
"AMZN","Amazon","Buy","1","200.47","200.47","Feb 6, 2026 02:11:47 ET","US","USD",""
"AMZN","Amazon","Buy","1","200.47","200.47","Feb 6, 2026 02:11:47 ET","US","USD",""
"AMZN","Amazon","Buy","1","200.47","200.47","Feb 6, 2026 02:11:47 ET","US","USD",""
"AMZN","Amazon","Buy","1","200.47","200.47","Feb 6, 2026 02:11:47 ET","US","USD",""
"AAPL","Apple","Buy","1","275.56","275.56","Feb 6, 2026 02:08:08 ET","US","USD",""
"TSLA","Tesla","Buy","1","393.36","393.36","Feb 6, 2026 02:04:54 ET","US","USD",""
"TSLA","Tesla","Buy","1","393.36","393.36","Feb 6, 2026 02:04:50 ET","US","USD",""
"00001","CKH HOLDINGS","Sell","500","64.50","32,250.00","Feb 6, 2026 15:02:51 HKT","HK","HKD","319"
"00001","CKH HOLDINGS","Sell","500","64.50","32,250.00","Feb 6, 2026 15:02:51 HKT","HK","HKD","4638"
"00001","CKH HOLDINGS","Buy","500","64.60","32,300.00","Feb 6, 2026 14:55:01 HKT","HK","HKD","5338"
"01378","CHINAHONGQIAO","Buy","27","35.63","962.01","Feb 4, 2026 HKT","HK","HKD",""
"AAPL","Apple","Buy","1","269.60","269.60","Feb 3, 2026 21:12:24 ET","US","USD",""
"00001","CKH HOLDINGS","Sell","500","65.20","32,600.00","Feb 4, 2026 10:11:29 HKT","HK","HKD","3187"
"00001","CKH HOLDINGS","Sell","500","65.20","32,600.00","Feb 4, 2026 10:10:57 HKT","HK","HKD","8021"
"00001","CKH HOLDINGS","Buy","500","65.25","32,625.00","Feb 4, 2026 10:10:39 HKT","HK","HKD","4418"
"MIU260206C37000","MIU260206C37000","Buy","1","0.10","100.00","Feb 2, 2026 11:26:36 HKT","HK","HKD",""
"MIU260206C36000","MIU260206C36000","Sell","1","0.18","180.00","Feb 2, 2026 11:26:36 HKT","HK","HKD",""
"00001","CKH HOLDINGS","Buy","1,000","65.40","65,400.00","Jan 30, 2026 09:21:02 HKT","HK","HKD","8444"
"XIC260129P5750","XIC 260129 5.75 P","Buy","1","0.00","0.00","Jan 29, 2026 19:20:49 HKT","HK","HKD",""
"MIU260206C37000","MIU260206C37000","Sell","1","0.60","600.00","Jan 29, 2026 14:47:07 HKT","HK","HKD",""
"MIU260206C36000","MIU260206C36000","Buy","1","1.13","1,130.00","Jan 29, 2026 14:47:07 HKT","HK","HKD",""
"AAPL","Apple","Buy","4","258.64","1,034.56","Jan 28, 2026 04:08:06 ET","US","USD",""
"01378","CHINAHONGQIAO","Buy","25","39.13","978.25","Jan 28, 2026 HKT","HK","HKD",""
"AAPL","Apple","Buy","1","258.74","258.74","Jan 27, 2026 21:59:45 ET","US","USD",""
"ANET","Arista Networks","Sell","1","139.99","139.99","Jan 22, 2026 09:30:00 ET","US","USD",""
"01378","CHINAHONGQIAO","Buy","27","36.42","983.34","Jan 21, 2026 HKT","HK","HKD",""
"08271","GDC","Buy","2,000","0.062","124.00","Jan 21, 2026 10:08:19 HKT","HK","HKD","1346"
"NVDA","NVIDIA","Buy","0.1628","184.22","29.99","Jan 14, 2026 09:30:04 ET","US","USD",""
"AXP","American Express","Buy","0.028","356.62","9.99","Jan 14, 2026 09:30:04 ET","US","USD",""
"KO","Coca-Cola","Buy","0.4208","71.28","29.99","Jan 14, 2026 09:30:04 ET","US","USD",""
"AAPL","Apple","Buy","0.1156","259.50","30.00","Jan 14, 2026 09:30:04 ET","US","USD",""
"CRM","Salesforce","Buy","0.1257","238.53","29.98","Jan 14, 2026 09:30:04 ET","US","USD",""
"PANW","Palo Alto Networks","Buy","0.0525","190.25","9.99","Jan 14, 2026 09:30:04 ET","US","USD",""
"AAPL","Apple","Buy","0.0385","259.50","9.99","Jan 14, 2026 09:30:04 ET","US","USD",""
"KO","Coca-Cola","Buy","0.1402","71.28","9.99","Jan 14, 2026 09:30:04 ET","US","USD",""
"MCO","Moody's","Buy","0.0563","532.30","29.97","Jan 14, 2026 09:30:04 ET","US","USD",""
"AXP","American Express","Buy","0.0841","356.62","29.99","Jan 14, 2026 09:30:04 ET","US","USD",""
"NFLX","Netflix","Buy","0.1095","91.30","10.00","Jan 14, 2026 09:30:04 ET","US","USD",""
"CRWD","CrowdStrike","Buy","0.0214","466.63","9.99","Jan 14, 2026 09:30:04 ET","US","USD",""
"V","Visa","Buy","0.0304","328.31","9.98","Jan 14, 2026 09:30:04 ET","US","USD",""
"MSFT","Microsoft","Buy","0.0213","468.10","9.97","Jan 14, 2026 09:30:04 ET","US","USD",""
"GOOGL","Alphabet-A","Buy","0.0899","333.65","30.00","Jan 14, 2026 09:30:04 ET","US","USD",""
"CB","Chubb Ltd","Buy","0.033","302.34","9.98","Jan 14, 2026 09:30:04 ET","US","USD",""
"NFLX","Netflix","Buy","0.3285","91.30","29.99","Jan 14, 2026 09:30:04 ET","US","USD",""
"BAC","Bank of America","Buy","0.1887","52.99","10.00","Jan 14, 2026 09:30:04 ET","US","USD",""
"BAC","Bank of America","Buy","0.5661","52.99","30.00","Jan 14, 2026 09:30:04 ET","US","USD",""
"MSFT","Microsoft","Buy","0.064","468.10","29.96","Jan 14, 2026 09:30:04 ET","US","USD",""
"GOOGL","Alphabet-A","Buy","0.0299","333.65","9.98","Jan 14, 2026 09:30:04 ET","US","USD",""
"AMZN","Amazon","Buy","0.1246","240.69","29.99","Jan 14, 2026 09:30:04 ET","US","USD",""
"V","Visa","Buy","0.0913","328.31","29.97","Jan 14, 2026 09:30:04 ET","US","USD",""
"AMZN","Amazon","Buy","0.0415","240.69","9.99","Jan 14, 2026 09:30:04 ET","US","USD",""
"GOOGL","Alphabet-A","Buy","0.0899","333.65","30.00","Jan 14, 2026 09:30:04 ET","US","USD",""
"AAPL","Apple","Buy","0.1156","259.50","30.00","Jan 14, 2026 09:30:04 ET","US","USD",""
"CRWD","CrowdStrike","Buy","0.0642","466.63","29.96","Jan 14, 2026 09:30:04 ET","US","USD",""
"MCO","Moody's","Buy","0.0187","532.30","9.95","Jan 14, 2026 09:30:04 ET","US","USD",""
"KHC","The Kraft Heinz","Buy","0.276","23.51","6.49","Jan 14, 2026 09:30:04 ET","US","USD",""
"KHC","The Kraft Heinz","Buy","1","23.51","23.51","Jan 14, 2026 09:30:04 ET","US","USD",""
"CVX","Chevron","Buy","0.0607","164.65","9.99","Jan 14, 2026 09:30:04 ET","US","USD",""
"AAPL","Apple","Buy","0.0385","259.50","9.99","Jan 14, 2026 09:30:04 ET","US","USD",""
"OXY","Occidental Petroleum","Buy","0.2298","43.50","10.00","Jan 14, 2026 09:30:04 ET","US","USD",""
"OXY","Occidental Petroleum","Buy","0.6896","43.50","30.00","Jan 14, 2026 09:30:04 ET","US","USD",""
"CRM","Salesforce","Buy","0.0419","238.53","9.99","Jan 14, 2026 09:30:04 ET","US","USD",""
"KHC","The Kraft Heinz","Buy","0.4251","23.52","10.00","Jan 14, 2026 09:30:04 ET","US","USD",""
"NVDA","NVIDIA","Buy","0.0542","184.21","9.98","Jan 14, 2026 09:30:04 ET","US","USD",""
"CB","Chubb Ltd","Buy","0.0992","302.34","29.99","Jan 14, 2026 09:30:04 ET","US","USD",""
"GOOGL","Alphabet-A","Buy","0.0299","333.65","9.98","Jan 14, 2026 09:30:04 ET","US","USD",""
"CVX","Chevron","Buy","0.1822","164.65","30.00","Jan 14, 2026 09:30:04 ET","US","USD",""
"01378","CHINAHONGQIAO","Buy","27","36.24","978.48","Jan 14, 2026 HKT","HK","HKD",""
"08271","GDC","Buy","2,000","0.071","142.00","Jan 14, 2026 10:01:13 HKT","HK","HKD","6101"
"XIC260129P5750","XIC 260129 5.75 P","Short Sell","1","0.018","18.00","Jan 8, 2026 15:19:23 HKT","HK","HKD",""
"01378","CHINAHONGQIAO","Buy","26","36.78","956.28","Jan 7, 2026 HKT","HK","HKD",""
"AAPL","Apple","Buy","1","266.86","266.86","Jan 6, 2026 09:30:07 ET","US","USD",""
"BIL","SPDR Bloomberg Barclays 1-3 Month T-Bill ETF","Sell","0.1108","91.43","10.13","Jan 6, 2026 09:30:04 ET","US","USD",""
"FUTU","Futu Holdings Ltd","Buy","1","179.23","179.23","Jan 5, 2026 04:03:26 ET","US","USD",""
"01378","CHINAHONGQIAO","Buy","29","33.37","967.73","Jan 2, 2026 HKT","HK","HKD",""
"01378","CHINAHONGQIAO","Buy","30","32.38","971.40","Dec 29, 2025 HKT","HK","HKD",""
"00005","HSBC HOLDINGS","Buy","800","122.50","98,000.00","Dec 29, 2025 11:48:43 HKT","HK","HKD","2311"
"00002","CLP HOLDINGS","Sell","1,000","69.40","69,400.00","Dec 29, 2025 11:19:38 HKT","HK","HKD","5445"
"00001","CKH HOLDINGS","Sell","500","53.55","26,775.00","Dec 29, 2025 11:19:38 HKT","HK","HKD","2845"
"00001","CKH HOLDINGS","Sell","500","53.55","26,775.00","Dec 29, 2025 11:19:38 HKT","HK","HKD","3187"
"00001","CKH HOLDINGS","Sell","1,000","53.55","53,550.00","Dec 29, 2025 11:19:38 HKT","HK","HKD","2845"
"00001","CKH HOLDINGS","Buy","1,000","53.60","53,600.00","Dec 29, 2025 11:19:11 HKT","HK","HKD","1577"
"00002","CLP HOLDINGS","Buy","500","69.45","34,725.00","Dec 29, 2025 11:19:04 HKT","HK","HKD","8044"
"00002","CLP HOLDINGS","Buy","500","69.45","34,725.00","Dec 29, 2025 11:19:04 HKT","HK","HKD","8578"
"00001","CKH HOLDINGS","Buy","500","53.60","26,800.00","Dec 29, 2025 11:18:36 HKT","HK","HKD","3436"
"00001","CKH HOLDINGS","Buy","500","53.60","26,800.00","Dec 29, 2025 11:18:36 HKT","HK","HKD","8738"
"00001","CKH HOLDINGS","Buy","1,000","53.60","53,600.00","Dec 29, 2025 11:15:43 HKT","HK","HKD","4975"
"00001","CKH HOLDINGS","Buy","500","53.60","26,800.00","Dec 29, 2025 11:15:43 HKT","HK","HKD","2975"
"00001","CKH HOLDINGS","Buy","1,500","53.60","80,400.00","Dec 29, 2025 11:15:43 HKT","HK","HKD","8471"
"00005","HSBC HOLDINGS","Buy","400","122.90","49,160.00","Dec 29, 2025 11:15:43 HKT","HK","HKD","2310"
"00001","CKH HOLDINGS","Short Sell","1,000","53.45","53,450.00","Dec 29, 2025 11:09:05 HKT","HK","HKD","5869"
"00002","CLP HOLDINGS","Sell","500","69.40","34,700.00","Dec 29, 2025 11:09:05 HKT","HK","HKD","8448"
"00001","CKH HOLDINGS","Short Sell","1,000","53.45","53,450.00","Dec 29, 2025 10:59:00 HKT","HK","HKD","3532"
"01378","CHINAHONGQIAO","Sell","500","32.42","16,210.00","Dec 29, 2025 10:57:46 HKT","HK","HKD","9028"
"00001","CKH HOLDINGS","Buy","1,000","53.45","53,450.00","Dec 29, 2025 10:39:22 HKT","HK","HKD","3275"
"00001","CKH HOLDINGS","Buy","1,000","53.35","53,350.00","Dec 29, 2025 10:33:01 HKT","HK","HKD","6389"
"NVDA","NVIDIA","Buy","0.0002","190.53","0.04","Dec 26, 2025 00:00:00 ET","US","USD",""
"HKB251224P120000","HKB 251224 120.00 P","Buy","1","0.00","0.00","Dec 24, 2025 18:32:09 HKT","HK","HKD",""
"HKB251224P122500","HKB 251224 122.50 P","Sell","2","0.00","0.00","Dec 24, 2025 18:32:09 HKT","HK","HKD",""
"00005","HSBC HOLDINGS","Sell","800","120.00","96,000.00","Dec 24, 2025 18:32:09 HKT","HK","HKD",""
"HKB251224C120000","HKB 251224 120.00 C","Buy","2","0.00","0.00","Dec 24, 2025 18:32:09 HKT","HK","HKD",""
"01810","XIAOMI-W","Sell","1,000","39.22","39,220.00","Dec 24, 2025 11:09:55 HKT","HK","HKD","2453"
"01810","XIAOMI-W","Buy","1,000","39.24","39,240.00","Dec 24, 2025 11:09:15 HKT","HK","HKD","2042"
"01810","XIAOMI-W","Sell","200","39.12","7,824.00","Dec 24, 2025 09:30:02 HKT","HK","HKD","5342"
"01810","XIAOMI-W","Buy","200","39.10","7,820.00","Dec 24, 2025 09:20:13 HKT","HK","HKD","6996"
"000001","Ping An Bank","Buy","100","11.52","1,152.00","Dec 23, 2025 09:55:36 CST","A-Shares","CNH",""
"600000","Shanghai Pudong Development Bank","Buy","100","11.64","1,164.00","Dec 23, 2025 09:38:20 CST","A-Shares","CNH",""
"00001","CKH HOLDINGS","Short Sell","500","54.35","27,175.00","Dec 22, 2025 15:23:35 HKT","HK","HKD","5345"
"00001","CKH HOLDINGS","Short Sell","500","54.35","27,175.00","Dec 22, 2025 15:23:19 HKT","HK","HKD","5337"
"00001","CKH HOLDINGS","Short Sell","500","54.35","27,175.00","Dec 22, 2025 15:23:04 HKT","HK","HKD","5336"
"00001","CKH HOLDINGS","Short Sell","500","54.35","27,175.00","Dec 22, 2025 15:23:02 HKT","HK","HKD","3187"
"00001","CKH HOLDINGS","Short Sell","500","54.35","27,175.00","Dec 22, 2025 15:22:52 HKT","HK","HKD","8033"
"00001","CKH HOLDINGS","Short Sell","500","54.35","27,175.00","Dec 22, 2025 15:22:50 HKT","HK","HKD","8044"
"09988","BABA-W","Sell","100","145.10","14,510.00","Dec 22, 2025 14:50:12 HKT","HK","HKD","763"
"HKB251224P122500","HKB 251224 122.50 P","Buy","2","1.55","1,240.00","Dec 22, 2025 14:21:21 HKT","HK","HKD",""
"HKB251224P120000","HKB 251224 120.00 P","Short Sell","1","0.29","116.00","Dec 22, 2025 14:20:25 HKT","HK","HKD",""
"HKB251224C120000","HKB 251224 120.00 C","Short Sell","1","1.62","648.00","Dec 22, 2025 14:19:02 HKT","HK","HKD",""
"HKB251224C120000","HKB 251224 120.00 C","Short Sell","1","1.62","648.00","Dec 22, 2025 14:19:02 HKT","HK","HKD",""
"00001","CKH HOLDINGS","Sell","1,000","54.70","54,700.00","Dec 22, 2025 09:20:08 HKT","HK","HKD","4419"
"TSLA","Tesla","Sell","43","488.83","21,019.69","Dec 19, 2025 09:30:10 ET","US","USD",""
"AAPL","Apple","Sell","0.1396","272.27","38.01","Dec 19, 2025 09:30:04 ET","US","USD",""
"01378","CHINAHONGQIAO","Buy","31","31.25","968.75","Dec 17, 2025 HKT","HK","HKD",""
"01810","XIAOMI-W","Sell","200","42.12","8,424.00","Dec 15, 2025 10:41:52 HKT","HK","HKD","5998"
"01810","XIAOMI-W","Buy","200","42.10","8,420.00","Dec 15, 2025 10:37:32 HKT","HK","HKD","3187"
"00005","HSBC HOLDINGS","Short Sell","400","116.50","46,600.00","Dec 15, 2025 10:35:27 HKT","HK","HKD","2311"
"00001","CKH HOLDINGS","Buy","500","54.75","27,375.00","Dec 15, 2025 10:20:25 HKT","HK","HKD","6968"
"00002","CLP HOLDINGS","Buy","500","68.20","34,100.00","Dec 15, 2025 10:16:03 HKT","HK","HKD","1577"
"00001","CKH HOLDINGS","Buy","500","54.80","27,400.00","Dec 15, 2025 10:15:48 HKT","HK","HKD","4487"
"000002","China Vanke Co.,Ltd.","Sell","100","5.04","504.00","Dec 12, 2025 14:10:41 CST","A-Shares","CNH",""
"01378","CHINAHONGQIAO","Sell","1,000","32.66","32,660.00","Dec 12, 2025 13:58:23 HKT","HK","HKD","9033"
"8306","Mitsubishi UFJ Financial Group","Sell","100","2499.00","249,900","Dec 12, 2025 14:57:57 JST","JP","JPY",""
"01378","CHINAHONGQIAO","Buy","31","31.70","982.70","Dec 10, 2025 HKT","HK","HKD",""
"01378","CHINAHONGQIAO","Buy","30","32.72","981.60","Dec 3, 2025 HKT","HK","HKD",""
"000002","China Vanke Co.,Ltd.","Buy","100","5.12","512.00","Dec 3, 2025 10:14:42 CST","A-Shares","CNH",""
"01378","CHINAHONGQIAO","Sell","500","31.98","15,990.00","Dec 2, 2025 13:52:12 HKT","HK","HKD","141"
"01378","CHINAHONGQIAO","Buy","500","32.00","16,000.00","Dec 2, 2025 13:51:41 HKT","HK","HKD","7356"
"FUTU","Futu Holdings Ltd","Buy","11","169.53","1,864.83","Nov 26, 2025 09:37:15 ET","US","USD",""
"01378","CHINAHONGQIAO","Buy","32","30.12","963.84","Nov 26, 2025 HKT","HK","HKD",""
"BBAI","BigBear.ai Holdings","Sell","1","6.18","6.18","Nov 25, 2025 21:54:41 ET","US","USD",""
"AAPL","Apple","Sell","12","271.92","3,263.04","Nov 24, 2025 03:03:23 ET","US","USD",""
"AAPL","Apple","Sell","1","271.94","271.94","Nov 24, 2025 03:03:21 ET","US","USD",""
"AAPL","Apple","Buy","10","272.34","2,723.40","Nov 24, 2025 02:58:50 ET","US","USD",""
"AAPL","Apple","Buy","1","272.34","272.34","Nov 24, 2025 02:58:50 ET","US","USD",""
"09988","BABA-W","Buy","100","154.90","15,490.00","Nov 24, 2025 15:55:56 HKT","HK","HKD","8028"
"09988","BABA-W","Buy","100","155.10","15,510.00","Nov 24, 2025 15:46:17 HKT","HK","HKD","3535"
"09988","BABA-W","Short Sell","100","154.90","15,490.00","Nov 24, 2025 15:39:37 HKT","HK","HKD","1450"
"09988","BABA-W","Sell","100","155.20","15,520.00","Nov 24, 2025 15:31:50 HKT","HK","HKD","6999"
"09988","BABA-W","Buy","100","155.40","15,540.00","Nov 24, 2025 15:21:26 HKT","HK","HKD","3283"
"F","Ford Motor","Buy","90","12.95","1,165.50","Nov 20, 2025 03:47:12 ET","US","USD",""
"01378","CHINAHONGQIAO","Buy","32","30.60","979.20","Nov 19, 2025 HKT","HK","HKD",""
"MIU251127C50000","MIU 251127 50.00 C","Sell","1","0.01","10.00","Nov 19, 2025 14:01:09 HKT","HK","HKD",""
"MIU251127C55000","MIU 251127 55.00 C","Buy","1","0.01","10.00","Nov 19, 2025 14:00:49 HKT","HK","HKD",""
"AAPL","Apple","Buy","0.0014","272.95","0.38","Nov 13, 2025 00:00:00 ET","US","USD",""
"01378","CHINAHONGQIAO","Buy","29","33.89","982.81","Nov 12, 2025 HKT","HK","HKD",""
"HKIT","Hitek Global","Buy","1","2.87","2.87","Nov 11, 2025 04:33:25 ET","US","USD",""
"01378","CHINAHONGQIAO","Buy","1,000","32.32","32,320.00","Nov 10, 2025 09:30:06 HKT","HK","HKD","3535"
"01378","CHINAHONGQIAO","Buy","34","29.04","987.36","Nov 5, 2025 HKT","HK","HKD",""
"01378","CHINAHONGQIAO","Buy","33","29.66","978.78","Oct 30, 2025 HKT","HK","HKD",""
"01378","CHINAHONGQIAO","Buy","39","24.94","972.66","Oct 22, 2025 HKT","HK","HKD",""
"MIU251127C50000","MIU251127C50000","Buy","1","1.17","1,170.00","Oct 22, 2025 14:52:47 HKT","HK","HKD",""
"MIU251127C55000","MIU251127C55000","Sell","1","0.41","410.00","Oct 22, 2025 14:52:47 HKT","HK","HKD",""
"01378","CHINAHONGQIAO","Buy","38","25.40","965.20","Oct 15, 2025 HKT","HK","HKD",""
"AAPL","Apple","Sell","1","245.971","245.97","Oct 13, 2025 09:35:39 ET","US","USD",""
"AAPL","Apple","Sell","1","245.96","245.96","Oct 13, 2025 09:35:39 ET","US","USD",""
"AAPL","Apple","Sell","1","245.9545","245.95","Oct 13, 2025 09:35:39 ET","US","USD",""
"AAPL","Apple","Sell","1","245.995","246.00","Oct 13, 2025 09:35:38 ET","US","USD",""
"AAPL","Apple","Buy","1","247.00","247.00","Oct 13, 2025 09:32:30 ET","US","USD",""
"AAPL","Apple","Buy","1","247.00","247.00","Oct 13, 2025 09:32:30 ET","US","USD",""
"AAPL","Apple","Buy","1","247.00","247.00","Oct 13, 2025 09:32:30 ET","US","USD",""
"AAPL","Apple","Buy","1","247.00","247.00","Oct 13, 2025 09:32:30 ET","US","USD",""
"01378","CHINAHONGQIAO","Buy","36","27.02","972.72","Oct 8, 2025 HKT","HK","HKD",""
"01378","CHINAHONGQIAO","Buy","37","26.68","987.16","Oct 2, 2025 HKT","HK","HKD",""
"NVDA","NVIDIA","Buy","0.0002","188.89","0.04","Oct 2, 2025 00:00:00 ET","US","USD",""
"01378","CHINAHONGQIAO","Buy","38","25.50","969.00","Sep 24, 2025 HKT","HK","HKD",""
"CAN","Canaan","Sell","1","0.817","0.82","Sep 19, 2025 07:01:06 ET","US","USD",""
"CAN","Canaan","Sell","1","0.817","0.82","Sep 19, 2025 04:57:25 ET","US","USD",""
"CAN","Canaan","Buy","1","0.8192","0.82","Sep 19, 2025 04:56:15 ET","US","USD",""
"CAN","Canaan","Buy","1","0.8196","0.82","Sep 19, 2025 04:53:48 ET","US","USD",""
"01378","CHINAHONGQIAO","Buy","38","25.38","964.44","Sep 17, 2025 HKT","HK","HKD",""
"01378","CHINAHONGQIAO","Buy","41","24.06","986.46","Sep 10, 2025 HKT","HK","HKD",""
"BIL","SPDR Bloomberg Barclays 1-3 Month T-Bill ETF","Sell","0.2966","91.54","27.15","Sep 8, 2025 09:30:03 ET","US","USD",""
"01810","XIAOMI-W","Sell","200","53.10","10,620.00","Aug 29, 2025 13:40:17 HKT","HK","HKD","9055"
"AAPL","Apple","Buy","1","226.6628","226.66","Aug 25, 2025 09:30:03 ET","US","USD",""
"MIU250929C72500","MIU250929C72500","Buy","1","0.16","160.00","Aug 18, 2025 14:58:20 HKT","HK","HKD",""
"MIU250929C67500","MIU250929C67500","Sell","1","0.28","280.00","Aug 18, 2025 14:58:20 HKT","HK","HKD",""
"MIU250929C72500","MIU250929C72500","Sell","1","0.16","160.00","Aug 18, 2025 14:50:26 HKT","HK","HKD",""
"MIU250929C67500","MIU250929C67500","Buy","1","0.30","300.00","Aug 18, 2025 14:50:26 HKT","HK","HKD",""
"AAPL","Apple","Buy","0.0008","232.78","0.19","Aug 14, 2025 00:00:00 ET","US","USD",""
"MIU250828C52500","MIU250828C52500","Sell","1","1.82","1,820.00","Aug 13, 2025 11:53:39 HKT","HK","HKD",""
"MIU250828C57500","MIU250828C57500","Buy","1","0.48","480.00","Aug 13, 2025 11:53:39 HKT","HK","HKD",""
"MIU250828C52500","MIU250828C52500","Buy","1","1.80","1,800.00","Aug 13, 2025 11:49:47 HKT","HK","HKD",""
"MIU250828C57500","MIU250828C57500","Sell","1","0.45","450.00","Aug 13, 2025 11:49:47 HKT","HK","HKD",""
"AAPL","Apple","Buy","0.0247","227.45","5.62","Aug 11, 2025 09:30:30 ET","US","USD",""
"MIU250828C52500","MIU250828C52500","Sell","1","2.81","2,810.00","Aug 6, 2025 14:14:44 HKT","HK","HKD",""
"MIU250828C57500","MIU250828C57500","Buy","1","0.88","880.00","Aug 6, 2025 14:14:44 HKT","HK","HKD",""
"01810","XIAOMI-W","Buy","200","54.05","10,810.00","Aug 6, 2025 14:13:26 HKT","HK","HKD","3448"
"MIU250828C52500","MIU250828C52500","Buy","1","2.82","2,820.00","Aug 6, 2025 14:13:05 HKT","HK","HKD",""
"MIU250828C57500","MIU250828C57500","Sell","1","0.87","870.00","Aug 6, 2025 14:13:05 HKT","HK","HKD",""
"TSLA","Tesla","Buy","20","305.53","6,110.60","Aug 4, 2025 10:45:20 ET","US","USD",""
"TSLA","Tesla","Buy","20","305.53","6,110.60","Aug 4, 2025 10:45:20 ET","US","USD",""
"7203","Toyota Motor","Sell","100","2713.00","271,300","Aug 1, 2025 14:54:37 JST","JP","JPY",""
"7203","Toyota Motor","Buy","100","2714.00","271,400","Aug 1, 2025 14:54:28 JST","JP","JPY",""
"000001","Ping An Bank","Sell","100","12.25","1,225.00","Aug 1, 2025 13:45:15 CST","A-Shares","CNH",""
"01398","ICBC","Sell","1,000","6.03","6,030.00","Jul 31, 2025 15:29:29 HKT","HK","HKD","7355"
"01810","XIAOMI-W","Sell","1,000","46.00","46,000.00","Jul 30, 2025 20:15:51 HKT","HK","HKD",""
"01810","XIAOMI-W","Buy","1,000","41.00","41,000.00","Jul 30, 2025 20:14:56 HKT","HK","HKD",""
"01398","ICBC","Sell","1,000","6.03","6,030.00","Jul 30, 2025 14:31:43 HKT","HK","HKD","8474"
"01810","XIAOMI-W","Buy","200","55.00","11,000.00","Jul 30, 2025 10:16:01 HKT","HK","HKD","6968"
"01810","XIAOMI-W","Short Sell","200","55.05","11,010.00","Jul 30, 2025 10:01:19 HKT","HK","HKD","6996"
"000001","Ping An Bank","Buy","100","12.34","1,234.00","Jul 25, 2025 14:39:43 CST","A-Shares","CNH",""
"09988","BABA-W","Sell","100","120.70","12,070.00","Jul 23, 2025 15:59:22 HKT","HK","HKD","4978"
"09988","BABA-W","Buy","100","120.80","12,080.00","Jul 23, 2025 15:59:15 HKT","HK","HKD","8560"
"01378","CHINAHONGQIAO","Sell","500","18.30","9,150.00","Jul 16, 2025 13:50:38 HKT","HK","HKD","6996"
"AAPL","Apple","Buy","1","209.20","209.20","Jul 16, 2025 01:08:08 ET","US","USD",""
"8306","Mitsubishi UFJ Financial Group","Sell","100","1977.00","197,700","Jul 16, 2025 13:03:07 JST","JP","JPY",""
"AAPL","Apple","Sell","1","209.26","209.26","Jul 15, 2025 23:53:49 ET","US","USD",""
"AAPL","Apple","Sell","1","209.25","209.25","Jul 15, 2025 23:53:43 ET","US","USD",""
"AAPL","Apple","Sell","1","209.22","209.22","Jul 15, 2025 23:51:24 ET","US","USD",""
"AAPL","Apple","Sell","1","209.23","209.23","Jul 15, 2025 23:51:24 ET","US","USD",""
"ANET","Arista Networks","Sell","1","108.60","108.60","Jul 15, 2025 09:30:18 ET","US","USD",""
"AAPL","Apple","Sell","1","209.09","209.09","Jul 15, 2025 09:30:06 ET","US","USD",""
"AAPL","Apple","Buy","1","209.4299","209.43","Jul 15, 2025 09:30:04 ET","US","USD",""
"601318","Ping An Insurance","Sell","100","57.40","5,740.00","Jul 15, 2025 10:56:48 CST","A-Shares","CNH",""
"512500","ZHONGZHENG500","Sell","100","3.329","332.90","Jul 15, 2025 10:56:48 CST","A-Shares","CNH",""
"000001","Ping An Bank","Sell","100","12.82","1,282.00","Jul 15, 2025 10:56:48 CST","A-Shares","CNH",""
"16083","SGALIBA@EC2509F.C","Sell","10,000","0.036","360.00","Jul 14, 2025 13:54:17 HKT","HK","HKD","9702"
"16083","SGALIBA@EC2509F.C","Buy","10,000","0.038","380.00","Jul 14, 2025 13:50:16 HKT","HK","HKD","5256"
"17999","JPXIAMI@EC2602B.C","Sell","10,000","0.094","940.00","Jul 11, 2025 11:42:43 HKT","HK","HKD","9708"
"01810","XIAOMI-W","Sell","200","57.95","11,590.00","Jul 11, 2025 11:42:42 HKT","HK","HKD","763"
"17999","JPXIAMI@EC2602B.C","Buy","10,000","0.094","940.00","Jul 11, 2025 11:41:55 HKT","HK","HKD","9708"
"01810","XIAOMI-W","Buy","200","57.90","11,580.00","Jul 11, 2025 11:39:53 HKT","HK","HKD","8471"
"18012","HS-ICBC@EC2602A.C","Sell","1,000","0.104","104.00","Jul 9, 2025 11:37:09 HKT","HK","HKD","9757"
"18012","HS-ICBC@EC2602A.C","Buy","1,000","0.105","105.00","Jul 9, 2025 11:35:39 HKT","HK","HKD","9757"
"000001","Ping An Bank","Sell","100","12.84","1,284.00","Jul 9, 2025 11:19:51 CST","A-Shares","CNH",""
"BIL","SPDR Bloomberg Barclays 1-3 Month T-Bill ETF","Sell","0.4593","91.50","42.03","Jul 7, 2025 09:30:04 ET","US","USD",""
"16290","JPMTUAN@EC2510D.C","Sell","10,000","0.042","420.00","Jul 7, 2025 15:33:24 HKT","HK","HKD","8135"
"54322","BP#MTUANRP2803A.P","Sell","10,000","0.208","2,080.00","Jul 7, 2025 15:33:24 HKT","HK","HKD","9764"
"16290","JPMTUAN@EC2510D.C","Buy","10,000","0.043","430.00","Jul 7, 2025 15:32:36 HKT","HK","HKD","9708"
"54322","BP#MTUANRP2803A.P","Buy","10,000","0.211","2,110.00","Jul 7, 2025 15:30:50 HKT","HK","HKD","738"
"AAPL","Apple","Buy","1","209.3699","209.37","Jul 2, 2025 09:30:08 ET","US","USD",""
"BBAI","BigBear.ai Holdings","Buy","1","6.5181","6.52","Jul 2, 2025 09:30:04 ET","US","USD",""
"00700","TENCENT","Sell","100","501.50","50,150.00","Jul 2, 2025 15:35:11 HKT","HK","HKD","8443"
"MIU250730C41000","MIU250730C41000","Buy","1","18.64","18,640.00","Jul 2, 2025 14:34:45 HKT","HK","HKD",""
"MIU250730C46000","MIU250730C46000","Sell","1","13.63","13,630.00","Jul 2, 2025 14:34:45 HKT","HK","HKD",""
"000001","Ping An Bank","Sell","100","11.96","1,196.00","Jun 25, 2025 11:07:30 CST","A-Shares","CNH",""
"03968","CM BANK","Sell","500","52.85","26,425.00","Jun 18, 2025 14:45:10 HKT","HK","HKD","4409"
"01378","CHINAHONGQIAO","Buy","500","15.70","7,850.00","Jun 16, 2025 13:47:18 HKT","HK","HKD","3287"
"TME","Tencent Music","Buy","1","18.42","18.42","Jun 13, 2025 05:19:58 ET","US","USD",""
"TME","Tencent Music","Sell","1","18.40","18.40","Jun 13, 2025 05:18:31 ET","US","USD",""
"TME","Tencent Music","Buy","1","18.41","18.41","Jun 13, 2025 05:18:17 ET","US","USD",""
"CMB250627C60000","CMB 250627 60.00 C","Buy","1","0.04","20.00","Jun 12, 2025 14:45:40 HKT","HK","HKD",""
"AAPL","Apple","Buy","1","201.4179","201.42","Jun 10, 2025 09:30:04 ET","US","USD",""
"CAN","Canaan","Buy","8","0.60","4.80","Jun 5, 2025 12:18:45 ET","US","USD",""
"GRAB250627C5000","GRAB 250627 5.00C","Buy","1","0.20","20.00","May 30, 2025 15:17:31 ET","US","USD",""
"GRAB250627C5500","GRAB250627C5500","Buy","1","0.09","9.00","May 30, 2025 15:16:00 ET","US","USD",""
"GRAB250627C5000","GRAB250627C5000","Sell","1","0.17","17.00","May 30, 2025 15:16:00 ET","US","USD",""
"GRAB250627C5500","GRAB250627C5500","Sell","2","0.07","14.00","May 30, 2025 14:53:19 ET","US","USD",""
"GRAB","GRAB","Buy","200","4.90","980.00","May 30, 2025 14:53:19 ET","US","USD",""
"AAPL","Apple","Buy","1","203.4783","203.48","May 29, 2025 09:30:04 ET","US","USD",""
"AAPL","Apple","Buy","1","203.95","203.95","May 29, 2025 08:48:06 ET","US","USD",""
"CMB250627C55000","CMB250627C55000","Buy","1","0.19","95.00","May 28, 2025 14:41:21 HKT","HK","HKD",""
"CMB250627C60000","CMB250627C60000","Sell","1","0.02","10.00","May 28, 2025 14:41:21 HKT","HK","HKD",""
"CMB250627C60000","CMB250627C60000","Buy","1","0.04","20.00","May 28, 2025 14:40:55 HKT","HK","HKD",""
"CMB250627C55000","CMB250627C55000","Sell","1","0.15","75.00","May 28, 2025 14:40:55 HKT","HK","HKD",""
"CMB250627C55000","CMB250627C55000","Buy","1","0.19","95.00","May 28, 2025 14:31:27 HKT","HK","HKD",""
"CMB250627C60000","CMB250627C60000","Sell","1","0.02","10.00","May 28, 2025 14:31:27 HKT","HK","HKD",""
"DBGI","Digital Brands Group","Buy","1","15.00","15.00","May 27, 2025 10:05:08 ET","US","USD",""
"NVDA","NVIDIA","Sell","1","134.58","134.58","May 27, 2025 04:00:01 ET","US","USD",""
"CMB250627C57500","CMB250627C57500","Sell","1","0.09","45.00","May 26, 2025 15:25:18 HKT","HK","HKD",""
"CMB250627C62500","CMB250627C62500","Buy","1","0.03","15.00","May 26, 2025 15:25:18 HKT","HK","HKD",""
"CMB250627C57500","CMB250627C57500","Buy","1","0.11","55.00","May 26, 2025 15:20:24 HKT","HK","HKD",""
"CMB250627C62500","CMB250627C62500","Sell","1","0.02","10.00","May 26, 2025 15:20:24 HKT","HK","HKD",""
"AAPL","Apple","Buy","0.0258","193.79","5.00","May 23, 2025 09:30:04 ET","US","USD",""
"TCH250530P510000","TCH250530P510000","Sell","1","5.71","571.00","May 22, 2025 15:21:51 HKT","HK","HKD",""
"TCH250530P500000","TCH250530P500000","Buy","1","3.08","308.00","May 22, 2025 15:21:51 HKT","HK","HKD",""
"AAPL","Apple","Sell","9","207.53","1,867.77","May 20, 2025 11:27:15 ET","US","USD",""
"AAPL","Apple","Sell","1","207.53","207.53","May 20, 2025 11:27:01 ET","US","USD",""
"TCH250530P510000","TCH250530P510000","Buy","1","7.78","778.00","May 20, 2025 10:59:53 HKT","HK","HKD",""
"TCH250530P500000","TCH250530P500000","Sell","1","4.08","408.00","May 20, 2025 10:59:53 HKT","HK","HKD",""
"AAPL","Apple","Sell","1","207.82","207.82","May 19, 2025 01:38:08 ET","US","USD",""
"TSLA","Tesla","Buy","1","339.59","339.59","May 15, 2025 09:30:05 ET","US","USD",""
"AAPL","Apple","Buy","0.0869","211.45","18.38","May 15, 2025 00:00:00 ET","US","USD",""
"AAPL250516C250000","AAPL 250516 250.00C","Buy","1","0.01","1.00","May 13, 2025 09:38:40 ET","US","USD",""
"F","Ford Motor","Buy","1","10.52","10.52","May 13, 2025 03:03:16 ET","US","USD",""
"ANET","Arista Networks","Sell","1","91.00","91.00","May 12, 2025 04:00:04 ET","US","USD",""
"00700","TENCENT","Sell","10","507.50","5,075.00","May 12, 2025 15:00:38 HKT","HK","HKD","4839"
"AAPL","Apple","Sell","40","204.10","8,164.00","May 12, 2025 03:00:11 ET","US","USD",""
"AAPL","Apple","Sell","33","204.07","6,734.31","May 12, 2025 02:44:02 ET","US","USD",""
"AAPL","Apple","Sell","15","204.07","3,061.05","May 12, 2025 02:43:14 ET","US","USD",""
"AAPL","Apple","Sell","2","204.07","408.14","May 12, 2025 02:43:10 ET","US","USD",""
"AAPL","Apple","Buy","100","185.00","18,500.00","May 11, 2025 19:52:00 ET","US","USD",""
"00700","TENCENT","Buy","10","495.00","4,950.00","May 9, 2025 13:25:46 HKT","HK","HKD","4667"
"AAPL250509C185000","AAPL 250509 185.00C","Buy","1","13.75","1,375.00","May 6, 2025 09:30:00 ET","US","USD",""
"VIXW250430C21000","VIXW 250430 21.00C","Sell","1","3.50","350.00","Apr 29, 2025 12:15:02 ET","US","USD",""
"AAPL","Apple","Buy","1","211.11","211.11","Apr 29, 2025 10:22:01 ET","US","USD",""
"VIXW250430C21000","VIXW 250430 21.00C","Buy","1","3.92","392.00","Apr 29, 2025 10:07:04 ET","US","USD",""
"BIL","SPDR Bloomberg Barclays 1-3 Month T-Bill ETF","Sell","0.873","91.71","80.06","Apr 29, 2025 09:30:04 ET","US","USD",""
"AAPL","Apple","Sell","4","210.06","840.24","Apr 29, 2025 08:54:29 ET","US","USD",""
"01810","XIAOMI-W","Sell","200","47.40","9,480.00","Apr 29, 2025 11:09:54 HKT","HK","HKD","1438"
"F","Ford Motor","Short Sell","96","10.50","1,008.00","Apr 27, 2025 19:54:02 ET","US","USD",""
"F","Ford Motor","Sell","4","10.50","42.00","Apr 27, 2025 19:54:02 ET","US","USD",""
"AAPL","Apple","Buy","1","206.75","206.75","Apr 25, 2025 10:23:08 ET","US","USD",""
"AAPL","Apple","Buy","1","207.461","207.46","Apr 25, 2025 09:30:04 ET","US","USD",""
"AAPL","Apple","Buy","1","207.46","207.46","Apr 25, 2025 09:30:04 ET","US","USD",""
"AAPL","Apple","Buy","1","207.4783","207.48","Apr 25, 2025 09:30:04 ET","US","USD",""
"AAPL","Apple","Sell","1","205.61","205.61","Apr 24, 2025 09:59:35 ET","US","USD",""
"AAPL","Apple","Sell","1","204.8501","204.85","Apr 24, 2025 09:30:04 ET","US","USD",""
"AAPL","Apple","Sell","1","204.8501","204.85","Apr 24, 2025 09:30:04 ET","US","USD",""
"AAPL","Apple","Sell","1","204.895","204.90","Apr 24, 2025 09:30:04 ET","US","USD",""
"AAPL","Apple","Sell","1","204.869","204.87","Apr 24, 2025 09:30:04 ET","US","USD",""
"AAPL","Apple","Buy","1","203.62","203.62","Apr 23, 2025 12:03:07 ET","US","USD",""
"AAPL","Apple","Buy","1","203.76","203.76","Apr 23, 2025 11:53:31 ET","US","USD",""
"AAPL","Apple","Buy","1","203.76","203.76","Apr 23, 2025 11:53:31 ET","US","USD",""
"AAPL","Apple","Buy","1","203.87","203.87","Apr 23, 2025 11:53:03 ET","US","USD",""
"000001","Ping An Bank","Sell","100","11.00","1,100.00","Apr 23, 2025 14:47:54 CST","A-Shares","CNH",""
"F","Ford Motor","Sell","1","9.74","9.74","Apr 23, 2025 02:27:37 ET","US","USD",""
"F","Ford Motor","Buy","1","9.75","9.75","Apr 23, 2025 02:27:15 ET","US","USD",""
"AAPL","Apple","Sell","1","196.7212","196.72","Apr 22, 2025 09:30:04 ET","US","USD",""
"AAPL","Apple","Sell","1","196.7208","196.72","Apr 22, 2025 09:30:04 ET","US","USD",""
"8306","Mitsubishi UFJ Financial Group","Buy","100","1672.50","167,250","Apr 18, 2025 09:12:39 JST","JP","JPY",""
"AAPL","Apple","Sell","4","198.65","794.60","Apr 17, 2025 14:10:27 ET","US","USD",""
"AAPL","Apple","Sell","1","198.54","198.54","Apr 17, 2025 12:56:23 ET","US","USD",""
"AAPL","Apple","Sell","1","198.42","198.42","Apr 17, 2025 12:53:32 ET","US","USD",""
"NVDA","NVIDIA","Buy","1","102.545","102.55","Apr 17, 2025 09:40:53 ET","US","USD",""
"NVDA","NVIDIA","Buy","1","102.65","102.65","Apr 17, 2025 09:40:50 ET","US","USD",""
"NVDA","NVIDIA","Buy","1","102.77","102.77","Apr 17, 2025 09:39:04 ET","US","USD",""
"F250425C11000","F250425C11000","Buy","1","0.02","2.00","Apr 17, 2025 09:32:49 ET","US","USD",""
"F250425P10500","F250425P10500","Buy","1","1.11","111.00","Apr 17, 2025 09:32:49 ET","US","USD",""
"TSLA","Tesla","Sell","1","243.47","243.47","Apr 17, 2025 09:30:04 ET","US","USD",""
"TSLA","Tesla","Sell","1","243.84","243.84","Apr 17, 2025 09:30:04 ET","US","USD",""
"TSLA","Tesla","Sell","1","243.67","243.67","Apr 17, 2025 09:30:04 ET","US","USD",""
"AAPL","Apple","Buy","3","195.85","587.55","Apr 17, 2025 07:00:00 ET","US","USD",""
"AAPL","Apple","Sell","1","196.50","196.50","Apr 17, 2025 04:52:53 ET","US","USD",""
"AAPL","Apple","Sell","2","196.72","393.44","Apr 17, 2025 04:26:27 ET","US","USD",""
"NVDA","NVIDIA","Sell","1","105.85","105.85","Apr 17, 2025 04:26:07 ET","US","USD",""
"NVDA","NVIDIA","Sell","1","105.85","105.85","Apr 17, 2025 04:26:06 ET","US","USD",""
"AAPL","Apple","Sell","2","196.68","393.36","Apr 17, 2025 04:26:05 ET","US","USD",""
"AAPL","Apple","Buy","1","196.60","196.60","Apr 17, 2025 04:22:27 ET","US","USD",""
"NVDA","NVIDIA","Sell","1","105.55","105.55","Apr 17, 2025 04:05:33 ET","US","USD",""
"01810","XIAOMI-W","Sell","200","41.75","8,350.00","Apr 17, 2025 15:53:17 HKT","HK","HKD","8443"
"01810","XIAOMI-W","Buy","200","41.80","8,360.00","Apr 17, 2025 15:48:03 HKT","HK","HKD","6998"
"08271","GDC","Sell","2,000","0.049","98.00","Apr 17, 2025 13:57:19 HKT","HK","HKD","2240"
"08271","GDC","Buy","2,000","0.06","120.00","Apr 17, 2025 13:56:39 HKT","HK","HKD","6739"
"AAPL","Apple","Sell","1","196.12","196.12","Apr 16, 2025 23:29:17 ET","US","USD",""
"01810","XIAOMI-W","Sell","800","42.00","33,600.00","Apr 17, 2025 11:28:42 HKT","HK","HKD","8738"
"01810","XIAOMI-W","Buy","600","41.25","24,750.00","Apr 17, 2025 10:55:15 HKT","HK","HKD","6999"
"01810","XIAOMI-W","Buy","200","41.25","8,250.00","Apr 17, 2025 10:55:15 HKT","HK","HKD","5999"
"TSLA","Tesla","Buy","1","247.49","247.49","Apr 16, 2025 09:30:09 ET","US","USD",""
"AAPL","Apple","Buy","1","199.08","199.08","Apr 16, 2025 09:30:05 ET","US","USD",""
"TSLA","Tesla","Buy","1","247.70","247.70","Apr 16, 2025 09:30:04 ET","US","USD",""
"TSLA","Tesla","Buy","1","247.73","247.73","Apr 16, 2025 09:30:04 ET","US","USD",""
"TSLA","Tesla","Buy","1","247.73","247.73","Apr 16, 2025 09:30:04 ET","US","USD",""
"NVDA","NVIDIA","Buy","1","104.43","104.43","Apr 16, 2025 09:30:04 ET","US","USD",""
"TSLA","Tesla","Buy","1","247.7225","247.72","Apr 16, 2025 09:30:04 ET","US","USD",""
"AGG","iShares Core US Aggregate Bond ETF","Sell","1","97.81","97.81","Apr 16, 2025 04:08:35 ET","US","USD",""
"AAPL","Apple","Sell","1","197.73","197.73","Apr 16, 2025 04:08:35 ET","US","USD",""
"NVDA","NVIDIA","Buy","1","104.94","104.94","Apr 16, 2025 04:01:25 ET","US","USD",""
"NVDA","NVIDIA","Buy","1","104.75","104.75","Apr 16, 2025 04:00:04 ET","US","USD",""
"NVDA","NVIDIA","Buy","1","104.75","104.75","Apr 16, 2025 04:00:04 ET","US","USD",""
"03690","MEITUAN-W","Buy","100","135.70","13,570.00","Apr 16, 2025 14:11:19 HKT","HK","HKD","9057"
"AAPL","Apple","Buy","1","197.48","197.48","Apr 16, 2025 01:32:43 ET","US","USD",""
"AAPL","Apple","Buy","1","197.52","197.52","Apr 16, 2025 01:32:38 ET","US","USD",""
"AAPL","Apple","Buy","1","199.40","199.40","Apr 15, 2025 22:42:06 ET","US","USD",""
"AAPL","Apple","Buy","1","199.40","199.40","Apr 15, 2025 22:41:59 ET","US","USD",""
"AAPL","Apple","Buy","1","199.40","199.40","Apr 15, 2025 22:41:49 ET","US","USD",""
"AAPL","Apple","Buy","1","199.48","199.48","Apr 15, 2025 22:23:06 ET","US","USD",""
"NVDA","NVIDIA","Buy","1","107.35","107.35","Apr 15, 2025 17:31:54 ET","US","USD",""
"NVDA","NVIDIA","Buy","1","107.38","107.38","Apr 15, 2025 17:31:53 ET","US","USD",""
"TSLQ","Tradr 2X Short TSLA Daily ETF","Buy","1","35.35","35.35","Apr 15, 2025 10:13:28 ET","US","USD",""
"TSLQ","Tradr 2X Short TSLA Daily ETF","Buy","1","35.38","35.38","Apr 15, 2025 10:13:28 ET","US","USD",""
"NVDA","NVIDIA","Buy","1","110.3384","110.34","Apr 15, 2025 08:55:55 ET","US","USD",""
"NVDA","NVIDIA","Buy","1","110.34","110.34","Apr 15, 2025 08:55:48 ET","US","USD",""
"01810","XIAOMI-W","Sell","200","42.85","8,570.00","Apr 15, 2025 15:14:16 HKT","HK","HKD","4519"
"01810","XIAOMI-W","Buy","200","42.90","8,580.00","Apr 15, 2025 15:13:41 HKT","HK","HKD","3187"
"AAPL","Apple","Sell","1","207.26","207.26","Apr 14, 2025 05:41:01 ET","US","USD",""
"AAPL","Apple","Buy","1","208.52","208.52","Apr 14, 2025 05:20:43 ET","US","USD",""
"AAPL","Apple","Buy","1","208.53","208.53","Apr 14, 2025 05:20:42 ET","US","USD",""
"AAPL","Apple","Buy","1","208.56","208.56","Apr 14, 2025 05:19:38 ET","US","USD",""
"AAPL","Apple","Sell","1","208.60","208.60","Apr 14, 2025 05:19:31 ET","US","USD",""
"AAPL","Apple","Sell","1","208.56","208.56","Apr 14, 2025 05:19:25 ET","US","USD",""
"AAPL","Apple","Sell","1","208.55","208.55","Apr 14, 2025 05:19:17 ET","US","USD",""
"AAPL","Apple","Sell","1","208.57","208.57","Apr 14, 2025 05:19:10 ET","US","USD",""
"AAPL","Apple","Buy","1","208.55","208.55","Apr 14, 2025 05:19:07 ET","US","USD",""
"AAPL","Apple","Buy","1","208.55","208.55","Apr 14, 2025 05:19:03 ET","US","USD",""
"AAPL","Apple","Sell","1","208.69","208.69","Apr 14, 2025 05:18:14 ET","US","USD",""
"AAPL","Apple","Buy","1","208.66","208.66","Apr 14, 2025 05:18:04 ET","US","USD",""
"AAPL","Apple","Buy","1","208.66","208.66","Apr 14, 2025 05:18:01 ET","US","USD",""
"AAPL","Apple","Sell","1","208.68","208.68","Apr 14, 2025 05:17:57 ET","US","USD",""
"AAPL","Apple","Buy","1","209.05","209.05","Apr 14, 2025 05:03:25 ET","US","USD",""
"AAPL","Apple","Buy","1","209.07","209.07","Apr 14, 2025 05:03:09 ET","US","USD",""
"AAPL","Apple","Buy","1","209.07","209.07","Apr 14, 2025 05:03:00 ET","US","USD",""
"AAPL","Apple","Sell","1","209.07","209.07","Apr 14, 2025 05:02:59 ET","US","USD",""
"AAPL","Apple","Sell","1","209.20","209.20","Apr 14, 2025 05:02:22 ET","US","USD",""
"AAPL","Apple","Buy","1","209.20","209.20","Apr 14, 2025 05:02:18 ET","US","USD",""
"AAPL","Apple","Buy","1","209.23","209.23","Apr 14, 2025 05:02:09 ET","US","USD",""
"AAPL","Apple","Buy","1","191.18","191.18","Apr 11, 2025 04:00:27 ET","US","USD",""
"AAPL","Apple","Buy","1","191.21","191.21","Apr 11, 2025 04:00:27 ET","US","USD",""
"AAPL","Apple","Sell","1","189.76","189.76","Apr 10, 2025 22:49:00 ET","US","USD",""
"01810","XIAOMI-W","Sell","600","42.85","25,710.00","Apr 11, 2025 09:30:41 HKT","HK","HKD","8448"
"01810","XIAOMI-W","Sell","200","42.85","8,570.00","Apr 11, 2025 09:30:41 HKT","HK","HKD","4822"
"01810","XIAOMI-W","Buy","200","42.25","8,450.00","Apr 11, 2025 09:30:08 HKT","HK","HKD","8738"
"01810","XIAOMI-W","Buy","200","42.25","8,450.00","Apr 11, 2025 09:30:08 HKT","HK","HKD","8738"
"01810","XIAOMI-W","Buy","200","42.50","8,500.00","Apr 11, 2025 09:30:01 HKT","HK","HKD","6123"
"01810","XIAOMI-W","Buy","200","42.50","8,500.00","Apr 11, 2025 09:30:01 HKT","HK","HKD","6123"
"F","Ford Motor","Buy","1","9.18","9.18","Apr 10, 2025 09:33:07 ET","US","USD",""
"F","Ford Motor","Buy","1","9.18","9.18","Apr 10, 2025 09:33:07 ET","US","USD",""
"F","Ford Motor","Buy","1","9.1997","9.20","Apr 10, 2025 08:21:45 ET","US","USD",""
"F","Ford Motor","Buy","1","9.1998","9.20","Apr 10, 2025 08:21:25 ET","US","USD",""
"ANET","Arista Networks","Sell","1","68.80","68.80","Apr 9, 2025 09:30:03 ET","US","USD",""
"ANET","Arista Networks","Sell","1","68.80","68.80","Apr 9, 2025 09:30:03 ET","US","USD",""
"ANET","Arista Networks","Sell","1","68.80","68.80","Apr 9, 2025 09:30:03 ET","US","USD",""
"ANET","Arista Networks","Sell","1","70.44","70.44","Apr 9, 2025 05:14:36 ET","US","USD",""
"ANET","Arista Networks","Sell","1","69.62","69.62","Apr 9, 2025 04:39:43 ET","US","USD",""
"AAPL","Apple","Buy","1","171.63","171.63","Apr 8, 2025 23:19:13 ET","US","USD",""
"AAPL","Apple","Sell","1","171.78","171.78","Apr 8, 2025 23:07:40 ET","US","USD",""
"AAPL","Apple","Buy","1","171.78","171.78","Apr 8, 2025 23:07:09 ET","US","USD",""
"NIO","NIO Inc","Sell","1","3.38","3.38","Apr 7, 2025 21:46:05 ET","US","USD",""
"NIO","NIO Inc","Buy","1","3.40","3.40","Apr 7, 2025 21:45:39 ET","US","USD",""
"01398","ICBC","Sell","1,000","5.48","5,480.00","Apr 3, 2025 14:36:31 HKT","HK","HKD","8446"
"01398","ICBC","Buy","1,000","5.49","5,490.00","Apr 3, 2025 14:36:24 HKT","HK","HKD","3079"
"01157","ZOOMLION","Sell","200","5.85","1,170.00","Apr 2, 2025 13:39:43 HKT","HK","HKD","6999"
"01157","ZOOMLION","Buy","200","5.86","1,172.00","Apr 2, 2025 13:39:34 HKT","HK","HKD","2422"
"F","Ford Motor","Sell","1","10.10","10.10","Apr 1, 2025 09:32:41 ET","US","USD",""
"INTC","Intel","Sell","1","22.69","22.69","Apr 1, 2025 05:56:10 ET","US","USD",""
"01398","ICBC","Sell","2,000","5.51","11,020.00","Apr 1, 2025 14:39:39 HKT","HK","HKD","5999"
"09988","BABA-W","Sell","100","129.50","12,950.00","Apr 1, 2025 14:16:10 HKT","HK","HKD","5998"
"03690","MEITUAN-W","Short Sell","100","157.40","15,740.00","Apr 1, 2025 14:06:02 HKT","HK","HKD","2077"
"03968","CM BANK","Sell","500","45.45","22,725.00","Apr 1, 2025 13:53:23 HKT","HK","HKD","8577"
"09988","BABA-W","Buy","100","129.10","12,910.00","Apr 1, 2025 13:46:14 HKT","HK","HKD","2845"
"F","Ford Motor","Buy","1","9.99","9.99","Mar 31, 2025 23:50:46 ET","US","USD",""
"01398","ICBC","Buy","2,000","5.49","10,980.00","Apr 1, 2025 11:28:01 HKT","HK","HKD","5337"
"00939","CCB","Sell","2,000","6.86","13,720.00","Apr 1, 2025 11:21:51 HKT","HK","HKD","3286"
"XELB","Xcel Brands","Buy","1","3.79","3.79","Mar 26, 2025 12:27:51 ET","US","USD",""
"INTC","Intel","Buy","1","23.92","23.92","Mar 20, 2025 22:26:32 ET","US","USD",""
"AMD","Advanced Micro Devices","Sell","100","103.69","10,369.00","Mar 19, 2025 04:23:33 ET","US","USD",""
"00700","TENCENT","Buy","100","510.00","51,000.00","Mar 14, 2025 19:11:23 HKT","HK","HKD",""
"TCH250314C510000","TCH 250314 510.00 C","Buy","1","9.05","905.00","Mar 12, 2025 11:31:18 HKT","HK","HKD",""
"01398","ICBC","Buy","1,000","5.66","5,660.00","Mar 6, 2025 15:14:01 HKT","HK","HKD","5335"
"01398","ICBC","Buy","1,000","5.66","5,660.00","Mar 6, 2025 15:07:32 HKT","HK","HKD","3079"
"GRAB","Grab Holdings","Sell","11","4.7113","51.82","Mar 5, 2025 09:38:23 ET","US","USD",""
"GRAB","Grab Holdings","Buy","10","4.71","47.10","Mar 5, 2025 09:36:02 ET","US","USD",""
"GRAB","Grab Holdings","Buy","1","4.73","4.73","Mar 5, 2025 09:33:19 ET","US","USD",""
"SHPH","Shuttle Pharmaceuticals","Buy","1","0.69","0.00","Mar 5, 2025 04:49:39 ET","US","USD",""
"AA","Alcoa","Sell","1","32.06","32.06","Mar 4, 2025 04:37:32 ET","US","USD",""
"06866","ZUOLI M-FIN","Sell","2,000","0.27","540.00","Mar 4, 2025 13:56:40 HKT","HK","HKD","1346"
"06866","ZUOLI M-FIN","Buy","2,000","0.28","560.00","Mar 4, 2025 13:55:34 HKT","HK","HKD","2453"
"NVDA","NVIDIA","Buy","2","120.18","240.36","Feb 28, 2025 01:57:04 ET","US","USD",""
"BILI","Bilibili","Buy","1","20.00","20.00","Feb 28, 2025 01:32:15 ET","US","USD",""
"AGG","iShares Core US Aggregate Bond ETF","Buy","1","98.8799","98.88","Feb 27, 2025 09:59:41 ET","US","USD",""
"AA","Alcoa","Buy","1","33.96","33.96","Feb 27, 2025 04:31:40 ET","US","USD",""
"000001","Ping An Bank","Sell","100","11.53","1,153.00","Feb 27, 2025 09:45:55 CST","A-Shares","CNH",""
"AAPL","Apple","Sell","1","246.86","246.86","Feb 25, 2025 22:22:22 ET","US","USD",""
"AAPL","Apple","Buy","1","246.87","246.87","Feb 25, 2025 22:22:04 ET","US","USD",""
"BILI","Bilibili","Buy","1","21.14","21.14","Feb 25, 2025 08:03:25 ET","US","USD",""
"BILI","Bilibili","Buy","1","21.49","21.49","Feb 24, 2025 22:40:25 ET","US","USD",""
"AAPL","Apple","Sell","3","245.25","735.75","Feb 24, 2025 04:01:35 ET","US","USD",""
"AAPL","Apple","Buy","1","245.26","245.26","Feb 24, 2025 04:01:19 ET","US","USD",""
"AAPL","Apple","Buy","1","245.28","245.28","Feb 24, 2025 04:00:04 ET","US","USD",""
"AAPL","Apple","Buy","1","245.28","245.28","Feb 24, 2025 04:00:04 ET","US","USD",""
"COGT","Cogent Biosciences","Buy","1","8.90","8.90","Feb 21, 2025 04:08:40 ET","US","USD",""
"U","Unity Software","Buy","1","27.88","27.88","Feb 21, 2025 03:45:32 ET","US","USD",""
"BILI","Bilibili","Buy","1","23.12","23.12","Feb 21, 2025 02:57:21 ET","US","USD",""
"BILI","Bilibili","Sell","4","22.60","90.40","Feb 21, 2025 02:00:50 ET","US","USD",""
"BILI","Bilibili","Buy","1","22.67","22.67","Feb 21, 2025 01:55:21 ET","US","USD",""
"BILI","Bilibili","Buy","1","22.67","22.67","Feb 21, 2025 01:55:09 ET","US","USD",""
"BILI","Bilibili","Buy","1","22.68","22.68","Feb 21, 2025 01:54:50 ET","US","USD",""
"BILI","Bilibili","Buy","1","22.68","22.68","Feb 21, 2025 01:54:27 ET","US","USD",""
"COGT","Cogent Biosciences","Buy","1","8.37","8.37","Feb 20, 2025 22:57:01 ET","US","USD",""
"TME","Tencent Music","Sell","1","12.8428","12.84","Feb 12, 2025 10:34:49 ET","US","USD",""
"TME","Tencent Music","Buy","1","12.8977","12.90","Feb 12, 2025 10:33:52 ET","US","USD",""
"EC","Ecopetrol","Buy","1","9.90","9.90","Feb 11, 2025 02:37:54 ET","US","USD",""
"EC","Ecopetrol","Buy","1","9.90","9.90","Feb 11, 2025 02:37:54 ET","US","USD",""
"SPXW250212P4900000","SPXW 250212 4900.00P","Buy","1","0.05","5.00","Feb 10, 2025 09:47:00 ET","US","USD",""
"EC","Ecopetrol","Buy","2","9.68","19.36","Feb 6, 2025 03:20:15 ET","US","USD",""
"AMD","Advanced Micro Devices","Buy","100","125.00","12,500.00","Feb 2, 2025 18:41:13 ET","US","USD",""
"01810","XIAOMI-W","Sell","200","34.80","6,960.00","Jan 20, 2025 13:10:05 HKT","HK","HKD","1438"
"01810","XIAOMI-W","Buy","200","34.70","6,940.00","Jan 20, 2025 09:51:49 HKT","HK","HKD","8464"
"000001","Ping An Bank","Buy","200","11.44","2,288.00","Jan 17, 2025 09:39:09 CST","A-Shares","CNH",""
"000001","Ping An Bank","Buy","100","11.48","1,148.00","Jan 17, 2025 09:33:13 CST","A-Shares","CNH",""
"000001","Ping An Bank","Buy","100","11.42","1,142.00","Jan 9, 2025 09:30:35 CST","A-Shares","CNH",""
"000001","Ping An Bank","Buy","100","11.46","1,146.00","Jan 9, 2025 09:30:06 CST","A-Shares","CNH",""
"00939","CCB","Buy","2,000","6.02","12,040.00","Jan 8, 2025 09:30:31 HKT","HK","HKD","8508"
"SOXL","Direxion Daily Semiconductor Bull 3x Shares ETF","Buy","1","32.00","32.00","Jan 7, 2025 10:09:27 ET","US","USD",""
"NVDA","NVIDIA","Short Sell","2","146.21","292.42","Jan 6, 2025 04:04:11 ET","US","USD",""
"BIL","SPDR Bloomberg Barclays 1-3 Month T-Bill ETF","Sell","0.2838","91.465","25.96","Jan 3, 2025 09:30:09 ET","US","USD",""
"BIL","SPDR Bloomberg Barclays 1-3 Month T-Bill ETF","Sell","1","91.465","91.47","Jan 3, 2025 09:30:09 ET","US","USD",""
"GLD","SPDR Gold ETF","Sell","0.105","244.56","25.68","Jan 3, 2025 09:30:08 ET","US","USD",""
"00939","CCB","Buy","2,000","6.04","12,080.00","Jan 3, 2025 09:35:07 HKT","HK","HKD","5337"
"00939","CCB","Short Sell","1,000","6.10","6,100.00","Jan 2, 2025 11:31:02 HKT","HK","HKD","3187"
"00939","CCB","Short Sell","1,000","6.10","6,100.00","Jan 2, 2025 11:31:01 HKT","HK","HKD","3448"
"03968","CM BANK","Buy","1,000","39.05","39,050.00","Dec 23, 2024 14:47:22 HKT","HK","HKD","5999"
"TME","Tencent Music","Sell","1","11.79","11.79","Dec 20, 2024 09:39:01 ET","US","USD",""
"TME","Tencent Music","Buy","1","11.77","11.77","Dec 20, 2024 04:41:08 ET","US","USD",""
"TME250117C12000","TME 250117 12.00C","Sell","1","0.60","60.00","Dec 18, 2024 10:12:54 ET","US","USD",""
"AMD250131P125000","AMD 250131 125.00P","Short Sell","1","8.50","850.00","Dec 18, 2024 09:53:04 ET","US","USD",""
"08271","GDC","Sell","2,000","0.068","136.00","Dec 18, 2024 15:05:53 HKT","HK","HKD","8465"
"08271","GDC","Buy","2,000","0.084","168.00","Dec 18, 2024 15:05:04 HKT","HK","HKD","8135"
"08271","GDC","Buy","1,999","0.09","179.91","Dec 18, 2024 15:05:02 HKT","HK","HKD","3011"
"AVGO241220C217500","AVGO 241220 217.50C","Sell","1","15.25","1,525.00","Dec 16, 2024 09:30:00 ET","US","USD",""
"AVGO241220C217500","AVGO 241220 217.50C","Buy","1","6.05","605.00","Dec 13, 2024 10:38:00 ET","US","USD",""
"SQQQ","ProShares UltraPro Short QQQ ETF","Sell","100","28.89108","2,889.11","Dec 13, 2024 10:35:31 ET","US","USD",""
"TME250117C12000","TME250117C12000","Buy","1","0.61","61.00","Dec 13, 2024 10:34:04 ET","US","USD",""
"TME241220C12000","TME241220C12000","Sell","1","0.21","21.00","Dec 13, 2024 10:34:04 ET","US","USD",""
"SPY250110C606000","SPY 250110 606.00C","Buy","1","6.57","657.00","Dec 13, 2024 10:32:37 ET","US","USD",""
"512500","ZHONGZHENG500","Buy","100","3.287","328.70","Dec 13, 2024 10:57:22 CST","A-Shares","CNH",""
"MIU241230C30000","MIU 241230 30.00 C","Sell","1","1.15","1,150.00","Dec 11, 2024 15:32:57 HKT","HK","HKD",""
"MIU241230C30000","MIU 241230 30.00 C","Buy","1","1.15","1,150.00","Dec 11, 2024 15:31:30 HKT","HK","HKD",""
"MIU241230C30000","MIU241230C30000","Sell","1","1.21","1,210.00","Dec 11, 2024 14:41:26 HKT","HK","HKD",""
"MIU241230C31000","MIU241230C31000","Buy","1","0.77","770.00","Dec 11, 2024 14:41:26 HKT","HK","HKD",""
"MIU241230C30000","MIU241230C30000","Buy","1","1.21","1,210.00","Dec 11, 2024 14:38:27 HKT","HK","HKD",""
"MIU241230C31000","MIU241230C31000","Sell","1","0.76","760.00","Dec 11, 2024 14:38:27 HKT","HK","HKD",""
"MIU241230C30000","MIU 241230 30.00 C","Sell","1","1.20","1,200.00","Dec 11, 2024 14:36:49 HKT","HK","HKD",""
"MIU241230C30000","MIU 241230 30.00 C","Buy","1","1.22","1,220.00","Dec 11, 2024 14:36:30 HKT","HK","HKD",""
"08271","GDC","Sell","2,000","0.067","134.00","Dec 11, 2024 14:29:48 HKT","HK","HKD","7368"
"08271","GDC","Buy","2,000","0.085","170.00","Dec 11, 2024 14:29:37 HKT","HK","HKD","8578"
"601318","Ping An Insurance","Sell","100","55.60","5,560.00","Dec 11, 2024 10:00:24 CST","A-Shares","CNH",""
"TME","Tencent Music","Sell","0.179","12.35","2.21","Dec 3, 2024 11:15:48 ET","US","USD",""
"TME","Tencent Music","Sell","3","12.35","37.05","Dec 3, 2024 11:15:48 ET","US","USD",""
"TME","Tencent Music","Buy","0.1","12.2492","1.22","Dec 3, 2024 11:06:13 ET","US","USD",""
"TME","Tencent Music","Buy","0.1341","12.30","1.65","Dec 3, 2024 11:06:13 ET","US","USD",""
"TME241220C12000","TME 241220 12.00C","Buy","1","0.65","65.00","Dec 3, 2024 09:43:20 ET","US","USD",""
"TME","Tencent Music","Buy","1","12.2492","12.25","Dec 3, 2024 09:41:40 ET","US","USD",""
"TME","Tencent Music","Buy","0.5","12.27","6.14","Dec 3, 2024 09:41:30 ET","US","USD",""
"TME","Tencent Music","Buy","1","12.35","12.35","Dec 3, 2024 09:34:00 ET","US","USD",""
"TME","Tencent Music","Buy","0.4449","12.36","5.50","Dec 3, 2024 09:33:39 ET","US","USD",""
"MIU241230C27000","MIU241230C27000","Sell","1","2.04","2,040.00","Dec 2, 2024 15:50:57 HKT","HK","HKD",""
"MIU241230C28000","MIU241230C28000","Buy","1","1.51","1,510.00","Dec 2, 2024 15:50:57 HKT","HK","HKD",""
"01810","XIAOMI-W","Buy","200","28.40","5,680.00","Dec 2, 2024 15:50:00 HKT","HK","HKD","5338"
"SQQQ","ProShares UltraPro Short QQQ ETF","Buy","100","33.00","3,300.00","Dec 1, 2024 18:28:51 ET","US","USD",""
"IRS","IRSA Inversiones y Representaciones","Buy","2","16.473","32.95","Nov 29, 2024 09:30:03 ET","US","USD",""
"ANET","Arista Networks","Buy","4","405.00","1,620.00","Nov 29, 2024 07:33:25 ET","US","USD",""
"01810","XIAOMI-W","Sell","200","28.10","5,620.00","Nov 28, 2024 10:32:26 HKT","HK","HKD","8468"
"SQQQ","ProShares UltraPro Short QQQ ETF","Buy","100","32.99","3,299.00","Nov 27, 2024 04:33:38 ET","US","USD",""
"EC","Ecopetrol","Sell","1","8.01","8.01","Nov 27, 2024 04:30:31 ET","US","USD",""
"MIU241230C27000","MIU241230C27000","Buy","1","1.41","1,410.00","Nov 26, 2024 15:53:34 HKT","HK","HKD",""
"MIU241230C28000","MIU241230C28000","Sell","1","0.96","960.00","Nov 26, 2024 15:53:34 HKT","HK","HKD",""
"SQQQ241129P33000","SQQQ241129P33000","Sell","1","0.53","53.00","Nov 18, 2024 10:09:29 ET","US","USD",""
"SQQQ","SQQQ","Sell","100","34.67","3,467.00","Nov 18, 2024 10:09:29 ET","US","USD",""
"GPUS","Hyperscale Data","Buy","1","0.184","0.18","Nov 18, 2024 09:31:44 ET","US","USD",""
"SOS","SOS Ltd","Buy","1","0.80","0.80","Nov 18, 2024 09:30:12 ET","US","USD",""
"POLA","Polar Power","Buy","1","0.4559","0.46","Nov 18, 2024 09:30:07 ET","US","USD",""
"LGMK","LogicMark","Buy","2","0.1005","0.20","Nov 18, 2024 09:30:05 ET","US","USD",""
"8306","Mitsubishi UFJ Financial Group","Buy","100","1830.00","183,000","Nov 15, 2024 14:54:06 JST","JP","JPY",""
"EC","Ecopetrol","Sell","1","7.70","7.70","Nov 14, 2024 22:48:12 ET","US","USD",""
"01810","XIAOMI-W","Buy","200","28.50","5,700.00","Nov 14, 2024 09:20:30 HKT","HK","HKD","3345"
"EC","Ecopetrol","Buy","2","7.45","14.90","Nov 12, 2024 06:32:37 ET","US","USD",""
"SQQQ","ProShares UltraPro Short QQQ ETF","Sell","2","31.65","63.30","Nov 7, 2024 20:07:37 ET","US","USD",""
"SQQQ","ProShares UltraPro Short QQQ ETF","Buy","2","31.65","63.30","Nov 7, 2024 20:07:34 ET","US","USD",""
"BIL","SPDR Bloomberg Barclays 1-3 Month T-Bill ETF","Sell","0.4817","91.521","44.09","Nov 7, 2024 09:30:19 ET","US","USD",""
"BIL","SPDR Bloomberg Barclays 1-3 Month T-Bill ETF","Sell","1","91.521","91.52","Nov 7, 2024 09:30:06 ET","US","USD",""
"GLD","SPDR Gold ETF","Sell","0.1275","248.24","31.65","Nov 7, 2024 09:30:03 ET","US","USD",""
"INDA","iShares MSCI India Index ETF","Sell","0.9311","54.94","51.15","Nov 7, 2024 09:30:03 ET","US","USD",""
"PG","Procter & Gamble","Sell","3","161.50","484.50","Nov 7, 2024 02:51:19 ET","US","USD",""
"DDL","Dingdong","Sell","100","4.42","442.00","Nov 7, 2024 02:51:09 ET","US","USD",""
"601318","Ping An Insurance","Buy","100","60.23","6,023.00","Nov 7, 2024 14:38:47 CST","A-Shares","CNH",""
"YINN","Direxion Daily FTSE China Bull 3X Shares ETF","Sell","1","36.72","36.72","Nov 5, 2024 04:54:23 ET","US","USD",""
"AAPL","Apple","Sell","16","221.50","3,544.00","Nov 4, 2024 08:45:25 ET","US","USD",""
"PG","Procter & Gamble","Buy","1","169.09","169.09","Oct 28, 2024 11:17:36 ET","US","USD",""
"NVDA241101C155000","NVDA 241101 155.00C","Buy","1","0.11","11.00","Oct 28, 2024 09:40:50 ET","US","USD",""
"AAPL","Apple","Buy","2","231.46","462.92","Oct 24, 2024 06:51:18 ET","US","USD",""
"AAPL","Apple","Buy","7","236.02","1,652.14","Oct 22, 2024 03:39:29 ET","US","USD",""
"DDL","Dingdong","Sell","100","3.0266","302.66","Oct 21, 2024 09:30:04 ET","US","USD",""
"DDL","Dingdong","Buy","100","3.08","308.00","Oct 21, 2024 04:32:38 ET","US","USD",""
"AAPL","Apple","Buy","2","234.55","469.10","Oct 18, 2024 09:30:18 ET","US","USD",""
"AAPL","Apple","Buy","2","234.55","469.10","Oct 18, 2024 09:30:18 ET","US","USD",""
"PG","Procter & Gamble","Buy","2","172.00","344.00","Oct 18, 2024 03:59:55 ET","US","USD",""
"AAPL","Apple","Buy","1","234.20","234.20","Oct 18, 2024 02:22:33 ET","US","USD",""
"AAPL","Apple","Buy","1","234.08","234.08","Oct 18, 2024 02:22:33 ET","US","USD",""
"TSLA","Tesla","Buy","1","219.46","219.46","Oct 17, 2024 10:52:52 ET","US","USD",""
"TSLA","Tesla","Short Sell","1","219.335","219.34","Oct 17, 2024 10:52:25 ET","US","USD",""
"AAPL","Apple","Buy","1","235.8283","235.83","Oct 15, 2024 10:36:30 ET","US","USD",""
"YINN","Direxion Daily FTSE China Bull 3X Shares ETF","Buy","1","39.50","39.50","Oct 14, 2024 05:08:20 ET","US","USD",""
"DDL","Dingdong","Buy","90","3.30","297.00","Oct 11, 2024 09:30:41 ET","US","USD",""
"DDL","Dingdong","Buy","10","3.30","33.00","Oct 11, 2024 09:30:40 ET","US","USD",""
"YINN","Direxion Daily FTSE China Bull 3X Shares ETF","Sell","1","37.47","37.47","Oct 11, 2024 06:40:32 ET","US","USD",""
"YINN","Direxion Daily FTSE China Bull 3X Shares ETF","Sell","1","37.47","37.47","Oct 11, 2024 06:40:17 ET","US","USD",""
"YINN","Direxion Daily FTSE China Bull 3X Shares ETF","Buy","2","37.43","74.86","Oct 11, 2024 06:25:00 ET","US","USD",""
"3135","MarketEnterprise","Sell","100","965.00","96,500","Oct 9, 2024 09:00:00 JST","JP","JPY",""
"MSTR","MicroStrategy","Buy","38","194.85","7,404.30","Oct 8, 2024 12:20:27 ET","US","USD",""
"MSTR","MicroStrategy","Buy","62","194.85","12,080.70","Oct 8, 2024 12:20:27 ET","US","USD",""
"NVDA","NVIDIA","Sell","1","132.23","132.23","Oct 8, 2024 12:18:31 ET","US","USD",""
"EWZ","iShares MSCI Brazil ETF","Sell","100","29.055","2,905.50","Oct 8, 2024 12:18:13 ET","US","USD",""
"00316","OOIL","Sell","96","109.50","10,512.00","Oct 3, 2024 10:32:01 HKT","HK","HKD","199"
"08195","LEGENDARY EDU","Sell","1,280","1.60","2,048.00","Oct 3, 2024 10:29:57 HKT","HK","HKD","3011"
"00496","KASEN","Sell","1,000","0.285","285.00","Oct 3, 2024 10:23:50 HKT","HK","HKD","8578"
"00700","TENCENT","Sell","50","445.00","22,250.00","Sep 30, 2024 15:14:47 HKT","HK","HKD","4654"
"MSTR241004P165000","MSTR 241004 165.00P","Short Sell","1","3.45","345.00","Sep 27, 2024 11:51:21 ET","US","USD",""
"02359","WUXI APPTEC","Sell","100","41.15","4,115.00","Sep 23, 2024 11:08:25 HKT","HK","HKD","6387"
"MSTR240920P130000","MSTR 240920 130.00P","Short Sell","1","4.00","400.00","Sep 18, 2024 09:30:18 ET","US","USD",""
"MSTR","MicroStrategy","Short Sell","100","130.00","13,000.00","Sep 15, 2024 19:22:33 ET","US","USD",""
"MSTR240913C130000","MSTR240913C130000","Sell","1","1.16","116.00","Sep 11, 2024 10:45:37 ET","US","USD",""
"MSTR240913P120000","MSTR240913P120000","Sell","1","2.08","208.00","Sep 11, 2024 10:45:37 ET","US","USD",""
"00700","TENCENT","Buy","2","367.50","735.00","Sep 11, 2024 HKT","HK","HKD",""
"03968","CM BANK","Buy","500","28.75","14,375.00","Sep 11, 2024 14:19:11 HKT","HK","HKD","747"
"PDD","PDD Holdings","Sell","1","94.026","94.03","Sep 10, 2024 10:02:33 ET","US","USD",""
"PDD","PDD Holdings","Buy","1","93.27","93.27","Sep 10, 2024 08:57:47 ET","US","USD",""
"00728","CHINA TELECOM","Sell","2,000","4.24","8,480.00","Sep 10, 2024 11:24:45 HKT","HK","HKD","639"
"00728","CHINA TELECOM","Buy","2,000","4.25","8,500.00","Sep 10, 2024 11:24:09 HKT","HK","HKD","2414"
"00728","CHINA TELECOM","Sell","2,000","4.25","8,500.00","Sep 10, 2024 11:13:00 HKT","HK","HKD","5999"
"00728","CHINA TELECOM","Buy","2,000","4.25","8,500.00","Sep 10, 2024 11:08:55 HKT","HK","HKD","6997"
"00316","OOIL","Buy","10","94.00","940.00","Sep 9, 2024 HKT","HK","HKD",""
"EWZ","iShares MSCI Brazil ETF","Sell","0.026","29.7104","0.77","Sep 5, 2024 09:30:04 ET","US","USD",""
"EWJ","iShares MSCI Japan ETF","Sell","0.2736","70.36","19.25","Sep 5, 2024 09:30:04 ET","US","USD",""
"EWZ","iShares MSCI Brazil ETF","Sell","3","29.7104","89.13","Sep 5, 2024 09:30:04 ET","US","USD",""
"EWJ","iShares MSCI Japan ETF","Sell","1","70.3505","70.35","Sep 5, 2024 09:30:04 ET","US","USD",""
"GLD","SPDR Gold ETF","Sell","0.1311","232.73","30.51","Sep 5, 2024 09:30:04 ET","US","USD",""
"INDA","iShares MSCI India Index ETF","Sell","0.5405","57.35","31.00","Sep 5, 2024 09:30:04 ET","US","USD",""
"IEF","iShares 7-10 Year Treasury Bond ETF","Sell","0.8527","98.24","83.77","Sep 5, 2024 09:30:04 ET","US","USD",""
"SPY","SPDR S&P 500 ETF","Sell","0.1548","551.12","85.31","Sep 5, 2024 09:30:04 ET","US","USD",""
"QQQ","Invesco QQQ Trust","Sell","0.1834","459.19","84.22","Sep 5, 2024 09:30:04 ET","US","USD",""
"00700","TENCENT","Buy","2","374.30","748.60","Sep 4, 2024 HKT","HK","HKD",""
"CTC240927P4500","CTC 240927 4.50 P","Sell","1","0.09","180.00","Sep 4, 2024 13:47:35 HKT","HK","HKD",""
"00728","CHINA TELECOM","Sell","2,000","4.48","8,960.00","Sep 4, 2024 13:47:18 HKT","HK","HKD","1754"
"CTC240927P4500","CTC 240927 4.50 P","Buy","1","0.11","220.00","Sep 4, 2024 13:39:59 HKT","HK","HKD",""
"00728","CHINA TELECOM","Buy","2,000","4.50","9,000.00","Sep 4, 2024 13:38:57 HKT","HK","HKD","2414"
"00316","OOIL","Buy","9","107.40","966.60","Sep 2, 2024 HKT","HK","HKD",""
"01810","XIAOMI-W","Sell","400","19.50","7,800.00","Aug 30, 2024 09:47:03 HKT","HK","HKD","3537"
"00700","TENCENT","Buy","2","377.20","754.40","Aug 28, 2024 HKT","HK","HKD",""
"00316","OOIL","Buy","9","108.00","972.00","Aug 26, 2024 HKT","HK","HKD",""
"00700","TENCENT","Buy","2","373.40","746.80","Aug 21, 2024 HKT","HK","HKD",""
"00316","OOIL","Buy","9","108.00","972.00","Aug 19, 2024 HKT","HK","HKD",""
"03968","CM BANK","Short Sell","500","33.50","16,750.00","Aug 16, 2024 11:25:22 HKT","HK","HKD","8046"
"00700","TENCENT","Buy","2","373.40","746.80","Aug 14, 2024 HKT","HK","HKD",""
"00700","TENCENT","Sell","100","380.00","38,000.00","Aug 13, 2024 09:38:40 HKT","HK","HKD","5998"
"00316","OOIL","Buy","9","103.90","935.10","Aug 12, 2024 HKT","HK","HKD",""
"JD","JD.com","Sell","1","25.81","25.81","Aug 9, 2024 05:24:01 ET","US","USD",""
"8127","Yamato International","Sell","100","342.00","34,200","Aug 8, 2024 11:04:46 JST","JP","JPY",""
"8127","Yamato International","Buy","100","344.00","34,400","Aug 8, 2024 11:04:11 JST","JP","JPY",""
"00700","TENCENT","Buy","2","362.60","725.20","Aug 7, 2024 HKT","HK","HKD",""
"JD","JD.com","Buy","1","25.0493","25.05","Aug 6, 2024 07:32:42 ET","US","USD",""
"00316","OOIL","Buy","9","108.20","973.80","Aug 5, 2024 HKT","HK","HKD",""
"EWZ240802C27500","EWZ 240802 27.50C","Short Sell","1","0.04","4.00","Aug 2, 2024 09:49:06 ET","US","USD",""
"EWZ240802P27000","EWZ 240802 27.00P","Short Sell","1","0.05","5.00","Aug 2, 2024 09:48:07 ET","US","USD",""
"EWZ240802C27500","EWZ 240802 27.50C","Short Sell","1","0.04","4.00","Aug 2, 2024 09:38:44 ET","US","USD",""
"EWZ","iShares MSCI Brazil ETF","Buy","100","27.2084","2,720.84","Aug 2, 2024 09:36:23 ET","US","USD",""
"EWZ","iShares MSCI Brazil ETF","Buy","1.026","27.395","28.11","Aug 2, 2024 09:30:13 ET","US","USD",""
"BIL","SPDR Bloomberg Barclays 1-3 Month T-Bill ETF","Buy","0.5921","91.459","54.15","Aug 2, 2024 09:30:05 ET","US","USD",""
"BIL","SPDR Bloomberg Barclays 1-3 Month T-Bill ETF","Buy","4","91.459","365.84","Aug 2, 2024 09:30:05 ET","US","USD",""
"EWZ","iShares MSCI Brazil ETF","Buy","2","27.395","54.79","Aug 2, 2024 09:30:05 ET","US","USD",""
"QQQ","Invesco QQQ Trust","Buy","0.1834","450.35","82.59","Aug 2, 2024 09:30:03 ET","US","USD",""
"EWJ","iShares MSCI Japan ETF","Buy","0.2736","65.09","17.81","Aug 2, 2024 09:30:03 ET","US","USD",""
"EWJ","iShares MSCI Japan ETF","Buy","1","65.09","65.09","Aug 2, 2024 09:30:03 ET","US","USD",""
"IEF","iShares 7-10 Year Treasury Bond ETF","Buy","0.8527","97.22","82.90","Aug 2, 2024 09:30:03 ET","US","USD",""
"GLD","SPDR Gold ETF","Buy","0.3636","227.96","82.89","Aug 2, 2024 09:30:03 ET","US","USD",""
"SPY","SPDR S&P 500 ETF","Buy","0.1548","535.49","82.89","Aug 2, 2024 09:30:03 ET","US","USD",""
"INDA","iShares MSCI India Index ETF","Buy","0.4716","56.33","26.57","Aug 2, 2024 09:30:03 ET","US","USD",""
"INDA","iShares MSCI India Index ETF","Buy","1","56.33","56.33","Aug 2, 2024 09:30:03 ET","US","USD",""
"AAPL","Apple","Sell","100","216.00","21,600.00","Aug 2, 2024 08:55:44 ET","US","USD",""
"TCH240829C350000","TCH 240829 350.00 C","Buy","1","16.44","1,644.00","Aug 2, 2024 15:17:53 HKT","HK","HKD",""
"TCH240829C350000","TCH 240829 350.00 C","Short Sell","1","15.80","1,580.00","Aug 2, 2024 15:17:09 HKT","HK","HKD",""
"GDV","Gabelli Dividend & Income Trust","Sell","0.0332","23.311","0.77","Aug 1, 2024 10:18:13 ET","US","USD",""
"GDV","Gabelli Dividend & Income Trust","Sell","10","23.311","233.11","Aug 1, 2024 10:18:13 ET","US","USD",""
"BDCZ","ETRACS MarketVector Business Development Companies Liquid Index ETN","Sell","0.0807","19.1911","1.55","Aug 1, 2024 10:17:37 ET","US","USD",""
"BDCZ","ETRACS MarketVector Business Development Companies Liquid Index ETN","Sell","5","19.1911","95.96","Aug 1, 2024 10:17:37 ET","US","USD",""
"00700","TENCENT","Buy","2","364.80","729.60","Jul 31, 2024 HKT","HK","HKD",""
"09988","BABA-SW","Sell","100","77.85","7,785.00","Jul 31, 2024 10:34:31 HKT","HK","HKD","7389"
"09988","BABA-SW","Buy","100","76.95","7,695.00","Jul 31, 2024 10:15:22 HKT","HK","HKD","7389"
"00316","OOIL","Buy","9","105.90","953.10","Jul 29, 2024 HKT","HK","HKD",""
"AAPL","Apple","Sell","2","218.66","437.32","Jul 26, 2024 02:34:22 ET","US","USD",""
"00700","TENCENT","Buy","2","365.70","731.40","Jul 24, 2024 HKT","HK","HKD",""
"GDV","Gabelli Dividend & Income Trust","Buy","0.0332","23.15","0.77","Jul 24, 2024 00:00:00 ET","US","USD",""
"AAPL","Apple","Buy","1","224.34","224.34","Jul 23, 2024 09:30:00 ET","US","USD",""
"BDCZ","ETRACS MarketVector Business Development Companies Liquid Index ETN","Buy","0.0807","19.33","1.56","Jul 23, 2024 00:00:00 ET","US","USD",""
"00316","OOIL","Buy","9","106.40","957.60","Jul 22, 2024 HKT","HK","HKD",""
"01810","XIAOMI-W","Buy","400","16.38","6,552.00","Jul 19, 2024 13:23:31 HKT","HK","HKD","4499"
"00700","TENCENT","Buy","2","371.70","743.40","Jul 17, 2024 HKT","HK","HKD",""
"00700","TENCENT","Buy","100","371.80","37,180.00","Jul 17, 2024 15:06:21 HKT","HK","HKD","5998"
"00316","OOIL","Buy","8","114.00","912.00","Jul 15, 2024 HKT","HK","HKD",""
"02359","WUXI APPTEC","Sell","100","28.55","2,855.00","Jul 15, 2024 10:45:15 HKT","HK","HKD","6998"
"GDV","Gabelli Dividend & Income Trust","Buy","10","23.3485","233.49","Jul 12, 2024 09:54:27 ET","US","USD",""
"BDCZ","ETRACS MarketVector Business Development Companies Liquid Index ETN","Buy","5","20.195","100.98","Jul 12, 2024 09:50:46 ET","US","USD",""
"AAPL","Apple","Buy","12","228.30","2,739.60","Jul 11, 2024 22:23:22 ET","US","USD",""
"AAPL","Apple","Buy","5","228.30","1,141.50","Jul 11, 2024 22:23:10 ET","US","USD",""
"AAPL","Apple","Buy","49","228.30","11,186.70","Jul 11, 2024 22:22:42 ET","US","USD",""
"AAPL","Apple","Buy","13","228.30","2,967.90","Jul 11, 2024 22:22:27 ET","US","USD",""
"AAPL","Apple","Buy","10","228.30","2,283.00","Jul 11, 2024 22:22:23 ET","US","USD",""
"AAPL","Apple","Buy","5","228.30","1,141.50","Jul 11, 2024 22:22:19 ET","US","USD",""
"AAPL","Apple","Buy","2","228.30","456.60","Jul 11, 2024 22:22:13 ET","US","USD",""
"AAPL","Apple","Buy","4","228.30","913.20","Jul 11, 2024 22:21:57 ET","US","USD",""
"00700","TENCENT","Buy","2","383.20","766.40","Jul 10, 2024 HKT","HK","HKD",""
"00316","OOIL","Buy","8","120.50","964.00","Jul 8, 2024 HKT","HK","HKD",""
"601318","Ping An Insurance","Buy","100","41.32","4,132.00","Jul 5, 2024 13:00:04 CST","A-Shares","CNH",""
"00700","TENCENT","Sell","200","380.00","76,000.00","Jul 5, 2024 11:22:00 HKT","HK","HKD","8447"
"02359","WUXI APPTEC","Buy","100","28.80","2,880.00","Jul 5, 2024 10:37:10 HKT","HK","HKD","7351"
"00700","TENCENT","Buy","100","380.00","38,000.00","Jul 4, 2024 11:40:07 HKT","HK","HKD","3345"
"02359","WUXI APPTEC","Buy","100","29.30","2,930.00","Jul 4, 2024 09:37:39 HKT","HK","HKD","9024"
"00700","TENCENT","Buy","2","370.60","741.20","Jul 3, 2024 HKT","HK","HKD",""
"00700","TENCENT","Sell","100","380.00","38,000.00","Jul 3, 2024 15:39:15 HKT","HK","HKD","8445"
"AAPL","Apple","Buy","1","216.02","216.02","Jul 2, 2024 09:19:04 ET","US","USD",""
"NVDA","NVIDIA","Buy","1","122.78","122.78","Jul 2, 2024 05:56:37 ET","US","USD",""
"00316","OOIL","Buy","7","133.00","931.00","Jul 2, 2024 HKT","HK","HKD",""
"00700","TENCENT","Sell","100","372.80","37,280.00","Jul 2, 2024 10:40:14 HKT","HK","HKD","8734"
"00700","TENCENT","Buy","2","380.12","760.24","Jun 26, 2024 HKT","HK","HKD",""
"7167","Mebuki Financial Group","Sell","100","603.30","60,330","Jun 25, 2024 13:30:39 JST","JP","JPY",""
"7167","Mebuki Financial Group","Buy","100","603.30","60,330","Jun 25, 2024 13:15:15 JST","JP","JPY",""
"AAPL","Apple","Sell","1","207.71","207.71","Jun 23, 2024 22:52:24 ET","US","USD",""
"3135","MarketEnterprise","Buy","100","721.00","72,100","Apr 2, 2024 10:22:58 JST","JP","JPY",""